<?xml version="1.0" encoding="UTF-8"?>
<monster name="Demodras" nameDescription="Demodras" race="blood" experience="3100" speed="230" manacost="0">
	<health now="2200" max="2200"/>
	<look type="204" corpse="2881"/>
	<targetchange interval="1000" chance="5"/>
	<targetstrategies nearest="70" health="10" damage="10" random="10"/>
	<flags>
		<flag summonable="0"/>
		<flag attackable="1"/>
		<flag hostile="1"/>
		<flag illusionable="1"/>
		<flag convinceable="0"/>
		<flag pushable="0"/>
		<flag canpushitems="1"/>
		<flag canpushcreatures="1"/>
		<flag targetdistance="1"/>
		<flag staticattack="90"/>
		<flag runonhealth="300"/>
	</flags>
	<attacks>
		<attack name="melee" interval="2000" min="-160" max="-600"/>
		<attack name="fire" interval="2000" chance="20" range="7" radius="4" target="1" min="-250" max="-350">
			<attribute key="shootEffect" value="fire"/>
			<attribute key="areaEffect" value="firearea"/>
		</attack>
		<attack name="firefield" interval="2000" chance="10" range="7" radius="6" target="1">
			<attribute key="shootEffect" value="fire"/>
		</attack>
		<attack name="fire" interval="2000" chance="20" length="8" spread="3" min="-250" max="-550">
			<attribute key="areaEffect" value="firearea"/>
		</attack>
	</attacks>
	<defenses armor="35" defense="25">
		<defense name="healing" interval="2000" chance="25" min="400" max="700">
			<attribute key="areaEffect" value="blueshimmer"/>
		</defense>
	</defenses>
		<elements>
		<element firePercent="100"/>
		<element earthPercent="100"/>
	</elements>
	<immunities>
		<immunity lifedrain="1"/>
		<immunity paralyze="1"/>
		<immunity outfit="1"/>
		<immunity drunk="1"/>
		<immunity invisible="1"/>
	</immunities>
	<summons maxSummons="2">
		<summon name="dragon" interval="2000" chance="17" max="2"/>
	</summons>
	<voices interval="5000" chance="10">
		<voice sentence="ZCHHHHH" yell="1"/>
		<voice sentence="I WILL SET THE WORLD IN FIRE!" yell="1"/>
		<voice sentence="I WILL PROTECT MY BROOD!" yell="1"/>
	</voices>
	<loot>
		<item id="2672" chance="75000" countmax="10"/><!-- 10 75% dragon ham -->
		<item id="2796" chance="24000" countmax="7"/><!-- 7 24% green mushroom -->
		<item id="2148" chance="95000" countmax="100"/><!-- 100 95% gold -->
		<item id="2148" chance="80000" countmax="100"/><!-- 100 80% gold -->
		<item id="2148" chance="55000" countmax="50"/><!-- 50 55% gold -->
		<item id="2146" chance="10000"/><!-- 10% small sapphire -->
		<item id="2547" chance="16000"/><!-- 16% power bolt -->
		<item id="2033" chance="6000"/><!-- 6% golden mug -->
		<item id="1976" chance="10000"/><!-- 10% gemmed book -->
		<item id="2177" chance="1200"/><!-- 1.2% life crystal -->
		<item id="2498" chance="400"/><!-- 0.4% royal helmet -->
		<item id="2479" chance="800"/><!-- 0.8% strange helmet -->
		<item id="2492" chance="300"/><!-- 0.3% dragon scale mail -->
		<item id="1987" chance="100000"><!-- bag -->
			<inside>
				<item id="2392" chance="600"/><!-- 0.6% fire sword -->
				<item id="2528" chance="600"/><!-- 0.6% tower shield -->
				<item id="2167" chance="10000"/><!-- 10% energy ring -->
			</inside>
		</item>
	</loot>
</monster>
