<?xml version="1.0" encoding="UTF-8"?>
<monster name="general murius" nameDescription="the general Murius" race="blood" experience="1300" speed="240" manacost="0">
	<health now="1200" max="1200"/>
	<look type="202" corpse="2876"/>
	<targetchange interval="1000" chance="5"/>
	<targetstrategies nearest="70" health="10" damage="20" random="0"/>
	<flags>
		<flag summonable="0"/>
		<flag attackable="1"/>
		<flag hostile="1"/>
		<flag illusionable="0"/>
		<flag convinceable="0"/>
		<flag pushable="0"/>
		<flag canpushitems="1"/>
		<flag canpushcreatures="1"/>
		<flag targetdistance="1"/>
		<flag staticattack="90"/>
		<flag runonhealth="0"/>
	</flags>
	<attacks>
		<attack name="melee" interval="2000" skill="70" attack="55"/>
		<attack name="physical" interval="2000" checkshield="1" chance="12" range="7" min="-50" max="-120">
			<attribute key="shootEffect" value="bolt"/>
		</attack>
		<attack name="physical" interval="2000" chance="10" radius="3" target="0" min="-50" max="-80">
			<attribute key="areaEffect" value="blackspark"/>
		</attack>
	</attacks>
	<defenses armor="16" defense="22">
		<defense name="healing" interval="2000" chance="15" min="50" max="100">
			<attribute key="areaEffect" value="redshimmer"/>
		</defense>
	</defenses>
	<immunities>
		<immunity lifedrain="1"/>
		<immunity outfit="1"/>
		<immunity drunk="1"/>
		<immunity invisible="1"/>
	</immunities>
	<summons maxSummons="4">
		<summon name="minotaur archer" interval="2000" chance="15" max="2"/>
		<summon name="minotaur guard" interval="2000" chance="12" max="2"/>
	</summons>
	<voices interval="5000" chance="10">
		<voice sentence="Feel the power of the Mooh'Tah!"/>
		<voice sentence="You will get what you deserve!"/>
		<voice sentence="For the king!"/>
		<voice sentence="Guards!"/>
	</voices>
	<loot>
		<item id="2666" chance="10000"/><!-- 10% meat -->
		<item id="2148" chance="50000" countmax="20"/><!-- 50 60% gold coin -->
		<item id="2465" chance="28000"/><!-- 28% brass armor -->
		<item id="2648" chance="35000"/><!-- 35% chain legs -->
		<item id="1987" chance="100000"><!-- bag -->
			<inside>
				<item id="2387" chance="7500"/><!-- 7.5% double axe -->
				<item id="2513" chance="18000"/><!-- 18% battle shield -->
				<item id="2580" chance="5000"/><!-- 5% fishing rod -->
			</inside>
		</item>
	</loot>
</monster>
