<?xml version="1.0" encoding="UTF-8"?>
<monster name="Morguthis" nameDescription="Morguthis" race="undead" experience="3000" speed="430" manacost="0">
	<health now="4800" max="4800"/>
	<look type="90" corpse="3016"/>
	<targetchange interval="1000" chance="5"/>
	<targetstrategies nearest="80" health="10" damage="10" random="0"/>
	<flags>
		<flag summonable="0"/>
		<flag attackable="1"/>
		<flag hostile="1"/>
		<flag illusionable="0"/>
		<flag convinceable="0"/>
		<flag pushable="0"/>
		<flag canpushitems="1"/>
		<flag canpushcreatures="1"/>
		<flag targetdistance="1"/>
		<flag staticattack="90"/>
		<flag runonhealth="0"/>
	</flags>
	<attacks>
		<attack name="melee" interval="2000" min="-150" max="-900" poison="65"/>
		<attack name="lifedrain" interval="2000" chance="7" range="1" min="-55" max="-550"/>
		<attack name="paralyze_morguthis" interval="2000" chance="25" range="7"/>
		<attack name="physical" interval="2000" chance="20" radius="3" target="0" min="-40" max="-400">
			<attribute key="areaEffect" value="blackspark"/>
		</attack>
		<attack name="physical" interval="2000" chance="7" radius="3" target="0" min="-50" max="-500">
			<attribute key="areaEffect" value="mortarea"/>
		</attack>
	</attacks>
	<defenses armor="35" defense="25">
		<defense name="healing" interval="2000" chance="13" min="200" max="300">
			<attribute key="areaEffect" value="blueshimmer"/>
		</defense>
		<defense name="haste_morguthis" interval="2000" chance="7"/>
		<defense name="skills_morguthis" interval="2000" chance="8"/>
		<defense name="invisible" interval="2000" chance="10" duration="4000">
			<attribute key="areaEffect" value="blueshimmer"/>
		</defense>
	</defenses>
	<summons maxSummons="3">
		<summon name="hero" interval="2000" chance="1000" max="3"/>
	</summons>
	<elements>
		<element earthPercent="100"/>
	</elements>
	<immunities>
		<immunity lifedrain="1"/>
		<immunity paralyze="1"/>
		<immunity outfit="1"/>
		<immunity drunk="1"/>
		<immunity invisible="1"/>
	</immunities>
	<voices interval="5000" chance="10">
		<voice sentence="Vengeance!"/>
		<voice sentence="You will make a fine trophy."/>
		<voice sentence="Come and fight me, cowards!"/>
		<voice sentence="I am the supreme warrior!"/>
		<voice sentence="Let me hear the music of battle."/>
		<voice sentence="Anotherone to bite the dust!"/>
	</voices>
	<loot>
		<item id="2350" chance="100000"/><!-- 100% sword hilt -->
		<item id="2148" chance="70000" countmax="80"/><!-- 80 70% gold -->
		<item id="2148" chance="50000" countmax="85"/><!-- 85 50% gold -->
		<item id="2148" chance="35000" countmax="95"/><!-- 95 35% gold -->
		<item id="2144" chance="10000"/><!-- 10% black pear -->
		<item id="2136" chance="100"/><!-- 0.1% demonbone amulet -->
		<item id="2645" chance="100"/><!-- 0.1% steel boots -->
		<item id="1987" chance="100000"><!-- bag -->
			<inside>
				<item id="2443" chance="100"/><!-- 0.1% ravager's axe -->
				<item id="2430" chance="5000"/><!-- 5% knight axe -->
				<item id="2197" chance="5000"/><!-- 5% stone skin amulet -->
			</inside>
		</item>	
	</loot>
</monster>
