<?xml version="1.0" encoding="UTF-8"?>
<monster name="Rahemos" nameDescription="Rahemos" race="undead" experience="3100" speed="280" manacost="0">
	<health now="3700" max="3700"/>
	<look type="87" corpse="3034"/>
	<targetchange interval="1000" chance="3"/>
	<targetstrategies nearest="80" health="10" damage="10" random="0"/>
	<flags>
		<flag summonable="0"/>
		<flag attackable="1"/>
		<flag hostile="1"/>
		<flag illusionable="0"/>
		<flag convinceable="0"/>
		<flag pushable="0"/>
		<flag canpushitems="1"/>
		<flag canpushcreatures="1"/>
		<flag targetdistance="1"/>
		<flag staticattack="90"/>
		<flag runonhealth="0"/>
	</flags>
	<attacks>
		<attack name="melee" interval="2000" min="-0" max="-750" poison="65"/>
		<attack name="lifedrain" interval="3000" chance="7" range="1" min="-75" max="-750"/>
		<attack name="energy" interval="2000" chance="20" range="7" min="-60" max="-600">
			<attribute key="shootEffect" value="energy"/>
			<attribute key="areaEffect" value="energy"/>
		</attack>
		<attack name="physical" interval="3000" chance="20" range="7" min="-60" max="-600">
			<attribute key="shootEffect" value="death"/>
			<attribute key="areaEffect" value="mortarea"/>
		</attack>
		<attack name="paralyze_rahemos" interval="2000" chance="12" range="7"/>
		<attack name="drunk" interval="2000" chance="8" range="7">
			<attribute key="shootEffect" value="energy"/>
			<attribute key="areaEffect" value="energy"/>
		</attack>
		<attack name="outfit" interval="2000" chance="15" range="7" monster="pig" duration="12000">
			<attribute key="areaEffect" value="blueshimmer"/>
		</attack>
	</attacks>
	<defenses armor="30" defense="35">
		<defense name="healing" interval="2000" chance="20" min="200" max="500">
			<attribute key="areaEffect" value="blueshimmer"/>
		</defense>
		<defense name="outfit" interval="2000" chance="5" monster="demon" duration="4000">
			<attribute key="areaEffect" value="blueshimmer"/>
		</defense>
	</defenses>
	<summons maxSummons="1">
		<summon name="demon" interval="2000" chance="12" max="1"/>
	</summons>
	<elements>
		<element firePercent="100"/>
		<element earthPercent="100"/>
		<element energyPercent="100"/>
	</elements>
	<immunities>
		<immunity lifedrain="1"/>
		<immunity paralyze="1"/>
		<immunity outfit="1"/>
		<immunity drunk="1"/>
		<immunity invisible="1"/>
	</immunities>	
	<voices interval="5000" chance="10">
		<voice sentence="It's a kind of magic."/>
		<voice sentence="Abrah Kadabrah!"/>
		<voice sentence="Nothing hidden in my warpings."/>
		<voice sentence="It's not a trick, it's Rahemos."/>
		<voice sentence="Meet my dear friend from hell."/>
		<voice sentence="I will make you believe in magic."/>
	</voices>
	<loot>
		<item id="2348" chance="100000"/><!-- 100% ancient rune -->
		<item id="2148" chance="70000" countmax="80"/><!-- 80 70% gold -->
		<item id="2148" chance="50000" countmax="85"/><!-- 85 50% gold -->
		<item id="2148" chance="35000" countmax="95"/><!-- 95 35% gold -->
		<item id="2150" chance="10000" countmax="3"/><!-- 3 10% small amethyst -->
		<item id="2323" chance="2000"/><!-- 2% magician hat -->
		<item id="2153" chance="1000"/><!-- 1% violet gem -->
		<item id="2176" chance="500"/><!-- 0.5% orb -->
		<item id="2184" chance="100"/><!-- 0.1% crystal wand -->
		<item id="1987" chance="100000"><!-- bag -->
			<inside>
				<item id="2214" chance="5000"/><!-- 5% ring of healing -->
				<item id="2447" chance="100"/><!-- 0.1% 2447 twin axe -->
			</inside>
		</item>
	</loot>
</monster>