<?xml version="1.0" encoding="UTF-8"?>
<monster name="The Horned Fox" nameDescription="the Horned Fox" race="blood" experience="200" speed="210" manacost="0">
	<health now="265" max="265"/>
	<look type="202" corpse="2876"/>
	<targetchange interval="1000" chance="5"/>
	<targetstrategies nearest="70" health="10" damage="20" random="0"/>
	<flags>
		<flag summonable="0"/>
		<flag attackable="1"/>
		<flag hostile="1"/>
		<flag illusionable="0"/>
		<flag convinceable="0"/>
		<flag pushable="0"/>
		<flag canpushitems="1"/>
		<flag canpushcreatures="1"/>
		<flag targetdistance="1"/>
		<flag staticattack="90"/>
		<flag runonhealth="0"/>
	</flags>
	<attacks>
		<attack name="melee" interval="2000" skill="54" attack="38"/>
		<attack name="physical" interval="2000" checkshield="1" chance="25" range="7" min="-50" max="-120">
			<attribute key="shootEffect" value="bolt"/>
		</attack>
		<attack name="poisoncondition" interval="2000" chance="17" range="7" min="-50" max="-120">
			<attribute key="shootEffect" value="bolt"/>
		</attack>
	</attacks>
	<defenses armor="17" defense="16">
		<defense name="healing" interval="2000" chance="15" min="25" max="75">
			<attribute key="areaEffect" value="redshimmer"/>
		</defense>
		<defense name="invisible" interval="2000" chance="10" duration="2000">
			<attribute key="areaEffect" value="blueshimmer"/>
		</defense>
	</defenses>
	<immunities>
		<immunity outfit="1"/>
		<immunity drunk="1"/>
		<immunity invisible="1"/>
	</immunities>
	<summons maxSummons="4">
		<summon name="minotaur archer" interval="2000" chance="13" max="2"/>
		<summon name="minotaur guard" interval="2000" chance="13" max="2"/>
	</summons>
	<voices interval="5000" chance="10">
		<voice sentence="You will never get me!"/>
		<voice sentence="I'll be back!"/>
		<voice sentence="Catch me, if you can!"/>
		<voice sentence="Help me, boys!"/>
	</voices>
	<loot>
		<item id="2666" chance="10000"/><!-- 10% meat -->
		<item id="2148" chance="60000" countmax="20"/><!-- 20 60% gold coin -->
		<item id="2502" chance="9000"/><!-- 9% dwarven helmet -->
		<item id="2465" chance="14000"/><!-- 14% brass armor -->
		<item id="2648" chance="15000"/><!-- 15% chain legs -->
		<item id="1987" chance="100000"><!-- bag -->
			<inside>
				<item id="2387" chance="1000"/><!-- 1% double axe -->
				<item id="2388" chance="9000"/><!-- 9% hatchet -->
				<item id="2513" chance="2000"/><!-- 2% battle shield -->
				<item id="2580" chance="5000"/><!-- 5% fishing rod -->
			</inside>
		</item>
	</loot>
</monster>
