﻿<?xml version="1.0" encoding="UTF-8"?>
<monster name="The Evil Eye" nameDescription="the Evil Eye" race="blood" experience="1500" speed="240" manacost="0">
	<health now="1200" max="1200"/>
	<look type="210" corpse="3052"/>
	<targetchange interval="1000" chance="30"/>
	<targetstrategies nearest="100" health="0" damage="0" random="0"/>
	<flags>
		<flag summonable="0"/>
		<flag attackable="1"/>
		<flag hostile="1"/>
		<flag illusionable="0"/>
		<flag convinceable="0"/>
		<flag pushable="0"/>
		<flag canpushitems="1"/>
		<flag canpushcreatures="0"/>
		<flag targetdistance="4"/>
		<flag staticattack="90"/>
		<flag runonhealth="0"/>
	</flags>
	<attacks>
		<attack name="melee" interval="2000" skill="65" attack="24"/>
		<attack name="energy" interval="1000" chance="15" range="7" min="-60" max="-130">
			<attribute key="shootEffect" value="energy"/>
		</attack>
		<attack name="fire" interval="1000" chance="13" range="7" min="-85" max="-115">
			<attribute key="shootEffect" value="fire"/>
		</attack>
		<attack name="physical" interval="1000" chance="17" range="7" min="-135" max="-175">
			<attribute key="shootEffect" value="death"/>
			<attribute key="areaEffect" value="mortarea"/>
		</attack>
		<attack name="poison" interval="1000" chance="15" range="7" min="-40" max="-120">
			<attribute key="shootEffect" value="poison"/>
		</attack>
		<attack name="lifedrain" interval="1000" chance="12" range="7" min="-110" max="-130">
			<attribute key="areaEffect" value="redshimmer"/>
		</attack>
		<attack name="paralyze_evileye" interval="1000" chance="10" range="7"/>
		<attack name="poison" interval="1000" chance="8" length="8" spread="3" min="-35" max="-85">
			<attribute key="areaEffect" value="greenbubble"/>
		</attack>
		<attack name="lifedrain" interval="1000" chance="6" length="8" spread="3" min="-75" max="-85">
			<attribute key="areaEffect" value="redshimmer"/>
		</attack>
		<attack name="manadrain" interval="1000" chance="9" length="8" spread="3" min="-150" max="-250">
			<attribute key="areaEffect" value="bluebubble"/>
		</attack>
	</attacks>
	<defenses armor="19" defense="23">
		<defense name="healing" interval="1000" chance="9" min="1" max="219">
			<attribute key="areaEffect" value="blueshimmer"/>
		</defense>
	</defenses>
	<summons maxSummons="6">
		<summon name="demon skeleton" interval="1000" chance="13" max="4"/>
		<summon name="ghost" interval="1000" chance="12" max="2"/>
	</summons>
	<elements>
		<element earthPercent="100"/>
	</elements>
	<immunities>
		<immunity lifedrain="1"/>
		<immunity paralyze="1"/>
		<immunity outfit="1"/>
		<immunity drunk="1"/>
		<immunity invisible="1"/>
	</immunities>
	<voices interval="5000" chance="10">
		<voice sentence="653768764!"/>
		<voice sentence="Let me take a look at you!"/>
		<voice sentence="Inferior creatures, bow before my power!"/>
		<voice sentence="659978 54764!"/>
	</voices>
	<loot>
		<item id="2148" chance="90000" countmax="24" /><!-- 24 90% gold -->
		<item id="2148" chance="80000" countmax="32" /><!-- 32 80% gold -->
		<item id="2148" chance="70000" countmax="40" /><!-- 40 70% gold -->
		<item id="1987" chance="100000"><!-- bag -->
			<inside>
				<item id="2397" chance="9000"/><!-- 9% longsword -->
				<item id="2394" chance="7000"/><!-- 7% morning star -->
				<item id="2377" chance="4000"/><!-- 4% two-handed sword -->
				<item id="2509" chance="4000"/><!-- 4% steel shield -->
				<item id="2518" chance="200"/><!-- 0.2% beholder shield -->
				<item id="2512" chance="1500"/><!-- 1.5% wooden shield -->
				<item id="2175" chance="5000"/><!-- 5% spellbook -->
			</inside>
		</item>
	</loot>
</monster>
