<?xml version="1.0" encoding="UTF-8"?>
<monster name="Tiquandas Revenge" nameDescription="Tiquanda's Revenge" race="venom" experience="2635" speed="440" manacost="0">
	<health now="1800" max="1800"/>
	<look type="120" corpse="4280"/>
	<targetchange interval="1000" chance="5"/>
	<targetstrategies nearest="70" health="0" damage="30" random="0"/>
	<flags>
		<flag summonable="0"/>
		<flag attackable="1"/>
		<flag hostile="1"/>
		<flag illusionable="0"/>
		<flag convinceable="0"/>
		<flag pushable="0"/>
		<flag canpushitems="1"/>
		<flag canpushcreatures="1"/>
		<flag targetdistance="1"/>
		<flag staticattack="90"/>
		<flag runonhealth="400"/>
	</flags>
	<attacks>
		<attack name="melee" interval="2000" skill="70" attack="40" poison="95"/>
		<attack name="poison" interval="2000" chance="25" range="7" min="-60" max="-200">
			<attribute key="shootEffect" value="poison"/>
			<attribute key="areaEffect" value="greenspark"/>
		</attack>
		<attack name="paralyze_carniphila" interval="2000" chance="34" range="7"/>
		<attack name="poison" interval="2000" chance="12" radius="3" target="0" min="-40" max="-130">
			<attribute key="areaEffect" value="poison"/>
		</attack>
	</attacks>
	<defenses armor="30" defense="31">
		<defense name="ultimate healing" interval="1200" chance="35" min="600" max="800"/>
	</defenses>
		<elements>
		<element energyPercent="100"/>
		<element firePercent="100"/>
		<element earthPercent="100"/>
	</elements>
	<immunities>
		<immunity lifedrain="0"/>
		<immunity paralyze="1"/>
		<immunity outfit="0"/>
		<immunity drunk="0"/>
		<immunity invisible="1"/>
	</immunities>
	<loot>
		<item id="2792" chance="25000" countmax="5"/><!-- 5 25% dark mushroom -->
		<item id="2671" chance="50000" countmax="2"/><!-- 2 50% ham -->
		<item id="2666" chance="70000" countmax="4"/><!-- 4 70% meat -->
		<item id="2148" chance="100000" countmax="28"/><!-- 28 100% gold -->
		<item id="2148" chance="100000" countmax="90"/><!-- 90 100% gold -->
	</loot>
</monster>