<?xml version="1.0" encoding="UTF-8"?>
<monster name="Vashresamun" nameDescription="Vashresamun" race="undead" experience="2950" speed="310" manacost="0">
	<health now="4000" max="4000"/>
	<look type="90" corpse="3016"/>
	<targetchange interval="1000" chance="3"/>
	<targetstrategies nearest="80" health="10" damage="10" random="0"/>
	<flags>
		<flag summonable="0"/>
		<flag attackable="1"/>
		<flag hostile="1"/>
		<flag illusionable="0"/>
		<flag convinceable="0"/>
		<flag pushable="0"/>
		<flag canpushitems="1"/>
		<flag canpushcreatures="1"/>
		<flag targetdistance="1"/>
		<flag staticattack="90"/>
		<flag runonhealth="0"/>
	</flags>
	<attacks>
		<attack name="melee" interval="2000" min="-80" max="-300" poison="65"/>
		<attack name="lifedrain" interval="2000" chance="30" radius="5" target="0" min="-200" max="-750">
			<attribute key="areaEffect" value="purplenote"/>
		</attack>
		<attack name="paralyze_vashresamun" interval="2000" chance="13" range="7"/>
	</attacks>
	<defenses armor="20" defense="35">
		<defense name="healing" interval="2000" chance="20" min="60" max="450">
			<attribute key="areaEffect" value="blueshimmer"/>
		</defense>
	</defenses>
	<summons maxSummons="3">
		<summon name="banshee" interval="2000" chance="20" max="3"/>
	</summons>
	<elements>
		<element firePercent="100"/>
		<element earthPercent="100"/>
	</elements>
	<immunities>
		<immunity lifedrain="1"/>
		<immunity paralyze="1"/>
		<immunity outfit="1"/>
		<immunity drunk="1"/>
		<immunity invisible="1"/>
	</immunities>
	<voices interval="5000" chance="10">
		<voice sentence="Heheheheee!"/>
		<voice sentence="Come my maidens, we have visitors!"/>
		<voice sentence="Are you enjoying my music?"/>
		<voice sentence="Dance a dance of death for me!"/>
		<voice sentence="If music is the food of death, drop dead."/>
		<voice sentence="Chakka Chakka!"/>
	</voices>
	<loot>
		<item id="2349" chance="100000"/><!-- 100% blue note -->
		<item id="2148" chance="70000" countmax="80"/><!-- 80 70% gold -->
		<item id="2148" chance="50000" countmax="85"/><!-- 85 50% gold -->
		<item id="2148" chance="35000" countmax="95"/><!-- 95 35% gold -->
		<item id="2143" chance="10000"/><!-- 10% white pearl -->
		<item id="2072" chance="10000"/><!-- 10% lute -->
		<item id="2074" chance="200"/><!-- 0.2% panpipes -->
		<item id="2124" chance="1500"/><!-- 1.5% crystal ring -->
		<item id="2656" chance="1000"/><!-- 1% blue robe -->
		<item id="2139" chance="100"/><!-- 0.1% ancient tiara -->
		<item id="1987" chance="100000"><!-- bag -->
			<inside>
				<item id="2445" chance="100"/><!-- 0.1% crystal mace -->
			</inside>
		</item>
	</loot>
</monster>
