<?xml version="1.0"?>
<actions>
	<!-- Quests System (based on map editor) -->
	<action actionid="2000" script="system.lua"/>
	<action actionid="2001" script="system2.lua"/>

	<!-- Helmet of the ancients -->
	<action itemid="2342" script="enchanting.lua"/>

    <!-- Tools -->
	<action itemid="2580" script="tools/fishing_rod.lua" allowfaruse="1"/>
	<action itemid="2420" script="tools/machete.lua"/>
	<action itemid="2442" script="tools/machete.lua"/>
	<action itemid="2120" script="tools/rope.lua"/>
	<action itemid="2554" script="tools/shovel.lua"/>
	<action itemid="2553" script="tools/pick.lua"/>
	<action itemid="2550" script="tools/scythe.lua"/>
	
	<!-- Spellbooks -->
	<action itemid="2175" script="spellbook.lua"/>
	
	<!-- Watches and Clocks -->
	<action itemid="1728" script="watch_clock.lua"/>
	<action itemid="1729" script="watch_clock.lua"/>
	<action itemid="1730" script="watch_clock.lua"/>
	<action itemid="1731" script="watch_clock.lua"/>
	<action itemid="1873" script="watch_clock.lua"/>
	<action itemid="1874" script="watch_clock.lua"/>
	<action itemid="1875" script="watch_clock.lua"/>
	<action itemid="1876" script="watch_clock.lua"/>
	<action itemid="1877" script="watch_clock.lua"/>
	<action itemid="1881" script="watch_clock.lua"/>
	<action itemid="2036" script="watch_clock.lua"/> 
	
	<!-- Liquids -->
	<action itemid="1775" script="liquids/containers.lua"/>
	<action itemid="2005" script="liquids/containers.lua"/>
	<action itemid="2006" script="liquids/containers.lua"/>
	<action itemid="2007" script="liquids/containers.lua"/>
	<action itemid="2008" script="liquids/containers.lua"/>
	<action itemid="2009" script="liquids/containers.lua"/>
	<action itemid="2011" script="liquids/containers.lua"/>
	<action itemid="2012" script="liquids/containers.lua"/>
	<action itemid="2013" script="liquids/containers.lua"/>
	<action itemid="2015" script="liquids/containers.lua"/>
	<action itemid="2023" script="liquids/containers.lua"/>
	<action itemid="2032" script="liquids/containers.lua"/>
	<action itemid="2033" script="liquids/containers.lua"/>
	<action itemid="2034" script="liquids/containers.lua"/>
	<action itemid="2562" script="liquids/containers.lua"/>
	<action itemid="2574" script="liquids/containers.lua"/>
	<action itemid="2575" script="liquids/containers.lua"/>
	<action itemid="2576" script="liquids/containers.lua"/>
	<action itemid="2577" script="liquids/containers.lua"/>
	<action itemid="3941" script="liquids/containers.lua"/>
	<action itemid="3942" script="liquids/containers.lua"/>
	
	<!-- Make Bread -->
	<action itemid="2692" script="make_bread.lua"/>
	<action itemid="2693" script="make_bread.lua"/>
	<action itemid="2694" script="make_bread.lua"/> 
	
    <!-- Foods -->
	<action itemid="2328" script="food.lua"/> 
	<action itemid="2362" script="food.lua"/> 
	<action itemid="2666" script="food.lua"/> 
	<action itemid="2667" script="food.lua"/> 
	<action itemid="2668" script="food.lua"/> 
	<action itemid="2669" script="food.lua"/> 
	<action itemid="2670" script="food.lua"/> 
	<action itemid="2671" script="food.lua"/> 
	<action itemid="2672" script="food.lua"/> 
	<action itemid="2673" script="food.lua"/> 
	<action itemid="2674" script="food.lua"/> 
	<action itemid="2675" script="food.lua"/> 
	<action itemid="2676" script="food.lua"/> 
	<action itemid="2677" script="food.lua"/> 
	<action itemid="2678" script="food.lua"/> 
	<action itemid="2679" script="food.lua"/> 
	<action itemid="2680" script="food.lua"/> 
	<action itemid="2681" script="food.lua"/> 
	<action itemid="2682" script="food.lua"/> 
	<action itemid="2683" script="food.lua"/> 
	<action itemid="2684" script="food.lua"/> 
	<action itemid="2685" script="food.lua"/> 
	<action itemid="2686" script="food.lua"/> 
	<action itemid="2687" script="food.lua"/> 
	<action itemid="2688" script="food.lua"/> 
	<action itemid="2689" script="food.lua"/> 
	<action itemid="2690" script="food.lua"/> 
	<action itemid="2691" script="food.lua"/> 
	<action itemid="2695" script="food.lua"/> 
	<action itemid="2696" script="food.lua"/> 
	<action itemid="2787" script="food.lua"/> 
	<action itemid="2788" script="food.lua"/> 
	<action itemid="2789" script="food.lua"/> 
	<action itemid="2790" script="food.lua"/> 
	<action itemid="2791" script="food.lua"/> 
	<action itemid="2792" script="food.lua"/> 
	<action itemid="2793" script="food.lua"/> 
	<action itemid="2794" script="food.lua"/> 
	<action itemid="2795" script="food.lua"/> 
	<action itemid="2796" script="food.lua"/>
	
	<!-- Teleports -->
	<action itemid="430" script="teleport.lua"/>
	<action itemid="1386" script="teleport.lua"/>
	<action itemid="3678" script="teleport.lua"/>
	
	<!-- Furniture Packages --> 
	<action itemid="3901" script="furniture_package.lua"/>
	<action itemid="3902" script="furniture_package.lua"/>
	<action itemid="3903" script="furniture_package.lua"/>
	<action itemid="3904" script="furniture_package.lua"/>
	<action itemid="3905" script="furniture_package.lua"/>
	<action itemid="3906" script="furniture_package.lua"/>

	<action itemid="3907" script="furniture_package.lua"/>
	<action itemid="3908" script="furniture_package.lua"/>
	<action itemid="3909" script="furniture_package.lua"/>
	<action itemid="3910" script="furniture_package.lua"/>
	<action itemid="3911" script="furniture_package.lua"/>
	<action itemid="3912" script="furniture_package.lua"/>
	<action itemid="3913" script="furniture_package.lua"/>
	<action itemid="3914" script="furniture_package.lua"/>
	<action itemid="3915" script="furniture_package.lua"/>

	<action itemid="3917" script="furniture_package.lua"/>
	<action itemid="3918" script="furniture_package.lua"/>
	<action itemid="3919" script="furniture_package.lua"/>
	<action itemid="3920" script="furniture_package.lua"/>
	<action itemid="3921" script="furniture_package.lua"/>
	<action itemid="3923" script="furniture_package.lua"/>
	<action itemid="3926" script="furniture_package.lua"/>
	<action itemid="3927" script="furniture_package.lua"/>
	<action itemid="3928" script="furniture_package.lua"/>

	<action itemid="3929" script="furniture_package.lua"/>
	<action itemid="3931" script="furniture_package.lua"/>
	<action itemid="3932" script="furniture_package.lua"/>
	<action itemid="3933" script="furniture_package.lua"/>
	<action itemid="3935" script="furniture_package.lua"/>
	<action itemid="3936" script="furniture_package.lua"/>
	<action itemid="3937" script="furniture_package.lua"/>
	<action itemid="3938" script="furniture_package.lua"/>
	
	<!-- Doors -->
	<action itemid="1209" script="doors/door_locked.lua"/>
	<action itemid="1210" script="increment.lua"/>
	<action itemid="1211" script="doors/door_open_vertical.lua"/>
	<action itemid="1212" script="doors/door_locked.lua"/>
	<action itemid="1213" script="increment.lua"/>
	<action itemid="1214" script="doors/door_open_horizontal.lua"/>

	<action itemid="1219" script="increment.lua"/>
	<action itemid="1220" script="doors/door_open_vertical.lua"/> 
	<action itemid="1221" script="increment.lua"/>
	<action itemid="1222" script="doors/door_open_horizontal.lua"/>

	<action itemid="1223" script="doors/questdoor_closed.lua"/>
	<action itemid="1225" script="doors/questdoor_closed.lua"/>

	<action itemid="1227" script="doors/gateofexp_closed.lua"/>
	<action itemid="1229" script="doors/gateofexp_closed.lua"/>

	<action itemid="1231" script="doors/door_locked.lua"/>
	<action itemid="1232" script="increment.lua"/>
	<action itemid="1233" script="doors/door_open_vertical.lua"/>
	<action itemid="1234" script="doors/door_locked.lua"/>
	<action itemid="1235" script="increment.lua"/>
	<action itemid="1236" script="doors/door_open_horizontal.lua"/>

	<action itemid="1237" script="increment.lua"/>
	<action itemid="1238" script="doors/door_open_vertical.lua"/> 
	<action itemid="1239" script="increment.lua"/>
	<action itemid="1240" script="doors/door_open_horizontal.lua"/>

	<action itemid="1241" script="doors/questdoor_closed.lua"/>
	<action itemid="1243" script="doors/questdoor_closed.lua"/>

	<action itemid="1245" script="doors/gateofexp_closed.lua"/>
	<action itemid="1247" script="doors/gateofexp_closed.lua"/>

	<action itemid="1249" script="doors/door_locked.lua"/>
	<action itemid="1250" script="increment.lua"/>
	<action itemid="1251" script="doors/door_open_vertical.lua"/>
	<action itemid="1252" script="doors/door_locked.lua"/>
	<action itemid="1253" script="increment.lua"/>
	<action itemid="1254" script="doors/door_open_horizontal.lua"/>

	<action itemid="1255" script="doors/questdoor_closed.lua"/>
	<action itemid="1257" script="doors/questdoor_closed.lua"/>

	<action itemid="1259" script="doors/gateofexp_closed.lua"/>
	<action itemid="1261" script="doors/gateofexp_closed.lua"/>

	<action itemid="1539" script="increment.lua"/>
	<action itemid="1540" script="doors/door_open_vertical.lua"/> 
	<action itemid="1541" script="increment.lua"/>
	<action itemid="1542" script="doors/door_open_horizontal.lua"/>

	<action itemid="1634" script="increment.lua"/>
	<action itemid="1635" script="doors/door_open_vertical.lua"/> 
	<action itemid="1636" script="increment.lua"/>
	<action itemid="1637" script="doors/door_open_horizontal.lua"/>
	<action itemid="1638" script="increment.lua"/>
	<action itemid="1639" script="doors/door_open_vertical.lua"/> 
	<action itemid="1640" script="increment.lua"/>
	<action itemid="1641" script="doors/door_open_horizontal.lua"/>

	<action itemid="3535" script="doors/door_locked.lua"/>
	<action itemid="3536" script="increment.lua"/>
	<action itemid="3537" script="doors/door_open_horizontal.lua"/>
	<action itemid="3538" script="increment.lua"/>
	<action itemid="3539" script="doors/door_open_horizontal.lua"/>
	<action itemid="3540" script="doors/gateofexp_closed.lua"/>
	<action itemid="3542" script="doors/questdoor_closed.lua"/>

	<action itemid="3544" script="doors/door_locked.lua"/>
	<action itemid="3545" script="increment.lua"/>
	<action itemid="3546" script="doors/door_open_vertical.lua"/>
	<action itemid="3547" script="increment.lua"/>
	<action itemid="3548" script="doors/door_open_vertical.lua"/>
	<action itemid="3549" script="doors/gateofexp_closed.lua"/>
	<action itemid="3551" script="doors/questdoor_closed.lua"/>

	<action itemid="4913" script="doors/door_locked.lua"/>
	<action itemid="4914" script="increment.lua"/>
	<action itemid="4915" script="doors/door_open_vertical.lua"/>
	<action itemid="4916" script="doors/door_locked.lua"/>
	<action itemid="4917" script="increment.lua"/>
	<action itemid="4918" script="doors/door_open_horizontal.lua"/>

	<action itemid="5082" script="increment.lua"/>
	<action itemid="5083" script="doors/door_open_vertical.lua"/> 
	<action itemid="5084" script="increment.lua"/>
	<action itemid="5085" script="doors/door_open_horizontal.lua"/>
	
	<!-- Keys -->
	<action itemid="2086" script="key.lua"/>
	<action itemid="2087" script="key.lua"/>
	<action itemid="2088" script="key.lua"/>
	<action itemid="2089" script="key.lua"/>
	<action itemid="2090" script="key.lua"/>
	<action itemid="2091" script="key.lua"/>
	<action itemid="2092" script="key.lua"/> 
	
	<!-- Musical Instruments -->
	<action itemid="2070" script="musical_instrument.lua"/>
	<action itemid="2071" script="musical_instrument.lua"/>
	<action itemid="2072" script="musical_instrument.lua"/>
	<action itemid="2073" script="musical_instrument.lua"/>
	<action itemid="2074" script="musical_instrument.lua"/>
	<action itemid="2075" script="musical_instrument.lua"/>
	<action itemid="2076" script="musical_instrument.lua"/>
	<action itemid="2077" script="musical_instrument.lua"/>
	<action itemid="2078" script="musical_instrument.lua"/>
	<action itemid="2079" script="musical_instrument.lua"/>
	<action itemid="2080" script="musical_instrument.lua"/>
	<action itemid="2081" script="musical_instrument.lua"/>
	<action itemid="2082" script="musical_instrument.lua"/>
	<action itemid="2083" script="musical_instrument.lua"/>
	<action itemid="2084" script="musical_instrument.lua"/>
	<action itemid="2085" script="musical_instrument.lua"/>
	<action itemid="2095" script="musical_instrument.lua"/>
	<action itemid="2332" script="musical_instrument.lua"/>
	<action itemid="2364" script="musical_instrument.lua"/>
	<action itemid="2367" script="musical_instrument.lua"/>
	<action itemid="2368" script="musical_instrument.lua"/>
	<action itemid="2369" script="musical_instrument.lua"/>
	<action itemid="2370" script="musical_instrument.lua"/>
	<action itemid="2371" script="musical_instrument.lua"/>
	<action itemid="2372" script="musical_instrument.lua"/>
	<action itemid="2373" script="musical_instrument.lua"/>
	<action itemid="2374" script="musical_instrument.lua"/>
	<action itemid="3951" script="musical_instrument.lua"/>
	<action itemid="3952" script="musical_instrument.lua"/>
	<action itemid="3953" script="musical_instrument.lua"/>
	<action itemid="3957" script="musical_instrument.lua"/>

	<!-- Decayto Items --> 
	<action itemid="2041" script="decayto_item.lua"/>
	<action itemid="2042" script="decayto_item.lua"/>
	<action itemid="2044" script="decayto_item.lua"/>
	<action itemid="2045" script="decayto_item.lua"/>
	<action itemid="2047" script="decayto_item.lua"/>
	<action itemid="2048" script="decayto_item.lua"/>
	<action itemid="2050" script="decayto_item.lua"/>
	<action itemid="2051" script="decayto_item.lua"/>
	<action itemid="2052" script="decayto_item.lua"/>
	<action itemid="2053" script="decayto_item.lua"/>
	
	<action itemid="2054" script="decayto_item.lua"/>
	<action itemid="2055" script="decayto_item.lua"/>
	<action itemid="2057" script="decayto_item.lua"/>

    <!-- Objects -->
	<action itemid="1479" script="increment.lua"/>
	<action itemid="1480" script="decrement.lua"/>
	<action itemid="1634" script="increment.lua"/>

	<action itemid="1635" script="decrement.lua"/>
	<action itemid="1636" script="increment.lua"/>
	<action itemid="1637" script="decrement.lua"/>
	<action itemid="1638" script="increment.lua"/>
	<action itemid="1639" script="decrement.lua"/>
	<action itemid="1640" script="increment.lua"/>
	<action itemid="1641" script="decrement.lua"/>
	<action itemid="1786" script="increment.lua"/>
	<action itemid="1787" script="decrement.lua"/>

	<action itemid="1788" script="increment.lua"/>
	<action itemid="1789" script="decrement.lua"/>
	<action itemid="1790" script="increment.lua"/>
	<action itemid="1791" script="decrement.lua"/>
	<action itemid="1792" script="increment.lua"/>
	<action itemid="1793" script="decrement.lua"/>
	<action itemid="1873" script="increment.lua"/>
	<action itemid="1874" script="decrement.lua"/>
	<action itemid="1875" script="increment.lua"/>

	<action itemid="1876" script="decrement.lua"/>
	<action itemid="1945" script="increment.lua"/>
	<action itemid="1946" script="decrement.lua"/>
	<action itemid="2037" script="increment.lua"/>
	<action itemid="2038" script="decrement.lua"/>
	<action itemid="2039" script="increment.lua"/>
	<action itemid="2040" script="decrement.lua"/>
	<action itemid="2058" script="increment.lua"/>
	<action itemid="2059" script="decrement.lua"/>
	
	<action itemid="2060" script="increment.lua"/>
	<action itemid="2061" script="decrement.lua"/>
	<action itemid="2064" script="increment.lua"/>
	<action itemid="2065" script="decrement.lua"/>
	<action itemid="2066" script="increment.lua"/>
	<action itemid="2067" script="decrement.lua"/>
	<action itemid="2068" script="increment.lua"/>
	<action itemid="2069" script="decrement.lua"/>
	<action itemid="2162" script="increment.lua"/>

	<action itemid="2163" script="decrement.lua"/>
	<action itemid="2578" script="increment.lua"/>
	<action itemid="2579" script="decrement.lua"/>
	<action itemid="3697" script="increment.lua"/>
	<action itemid="3698" script="decrement.lua"/>
	<action itemid="3699" script="increment.lua"/>
	<action itemid="3700" script="decrement.lua"/>
	<action itemid="3709" script="increment.lua"/>
	<action itemid="3710" script="decrement.lua"/>

	<action itemid="3743" script="increment.lua"/>
	<action itemid="3744" script="decrement.lua"/>
	<action itemid="3945" script="increment.lua"/>
	<action itemid="3946" script="decrement.lua"/>
	<action itemid="3947" script="increment.lua"/>
	<action itemid="3948" script="decrement.lua"/>
	<action itemid="3949" script="increment.lua"/>
	<action itemid="3950" script="decrement.lua"/>

	<!-- Others -->
	<action itemid="2785" script="blueberry_bush.lua"/>
	<action itemid="2114" script="piggy_bank.lua"/>
	<action itemid="2566" script="pumpkinhead.lua"/>
	<action itemid="2096" script="pumpkinhead.lua"/>

	<action default="1" script="default.lua"/>

	<!-- .:: Rookgaard ::. --> 
	<!-- Switchs -->
	<action actionid="11005" script="tibia/rookgaard/lever_sewers.lua"/>
	<action actionid="11006" script="tibia/rookgaard/lever_bear_room.lua"/>
	<action actionid="11007" script="tibia/rookgaard/lever_wall_1.lua"/>
	<action actionid="11008" script="tibia/rookgaard/lever_wall_2.lua"/>
	<action actionid="11009" script="tibia/rookgaard/lever_wall_3.lua"/>
	<action actionid="11010" script="tibia/rookgaard/lever_wall_4.lua"/>
	<action actionid="11011" script="tibia/rookgaard/lever_wall_5.lua"/>
	<action actionid="11012" script="tibia/rookgaard/lever_katana.lua"/>
	<action actionid="11013" script="tibia/rookgaard/door_katana.lua"/>

	<!-- .:: Tibia ::. --> 
	<action actionid="102" script="tibia/teleport_drawwell.lua"/>
	<!-- Switchs -->
	<action actionid="25004" script="tibia/lever_alawarsvault.lua"/>
	<action actionid="25005" script="tibia/lever_orcsedron.lua"/>
	<action actionid="25006" script="tibia/lever_behemothquest.lua"/>
	<action actionid="25007" script="tibia/lever_molsentrance.lua"/>
	<action actionid="25008" script="tibia/lever_molstrap.lua"/>
	<action actionid="25009" script="tibia/lever_brightswordoven.lua"/>
	<action actionid="25010" script="tibia/lever_brightswordring.lua"/>
	<action actionid="25011" script="tibia/lever_brightswordbarrel.lua"/>
	<action actionid="25014" script="tibia/lever_demonhelmet.lua"/>
	<action uniqueid="2469" script="tibia/kazz_lever.lua"/>
	<action uniqueid="33210" script="tibia/banuta.lua"/>
	<action uniqueid="7000" script="tibia/lever_annihilator.lua"/>	<!-- The Annihilator Quest -->
	<action uniqueid="8890" script="tibia/lever_desertquest.lua"/>	<!-- The Desert Dungeons Quest -->

	<!-- Draconia Quest -->
	<action uniqueid="1654" script="tibia/Draconia Quest/parede.lua"/>
	<action uniqueid="1657" script="tibia/Draconia Quest/pedra.lua"/>

	<!-- Paradox Tower Quest -->
	<action actionid="50002" script="tibia/Paradox Tower Quest/paradox_lvl2.lua"/>
	<action actionid="50005" script="tibia/Paradox Tower Quest/paradox_box.lua"/>
	<action actionid="50007" script="tibia/Paradox Tower Quest/paradox_lvl4.lua"/>
	<action actionid="50008" script="tibia/Paradox Tower Quest/paradox_lvl5.lua"/>

	<!-- The Postman Missions Quest -->
	<action actionid="50018" script="tibia/The Postman Missions Quest/crowbar_mail.lua"/>
	<action itemid="2416" script="tibia/The Postman Missions Quest/crowbar_mail.lua"/>
	
	<!-- The Queen of the Banshees Quest -->
	<action actionid="50016" script="tibia/The Queen of the Banshees Quest/magic_wall_1.lua"/>
	<action actionid="50019" script="tibia/The Queen of the Banshees Quest/entrance_lever.lua"/>
	<action actionid="2451" script="tibia/The Queen of the Banshees Quest/campfires.lua"/>
	<action actionid="2452" script="tibia/The Queen of the Banshees Quest/campfires.lua"/>
	<action actionid="2453" script="tibia/The Queen of the Banshees Quest/campfires.lua"/>
	<action actionid="2454" script="tibia/The Queen of the Banshees Quest/campfires.lua"/>
	<action actionid="2455" script="tibia/The Queen of the Banshees Quest/campfires.lua"/>
	<action actionid="2456" script="tibia/The Queen of the Banshees Quest/campfires.lua"/>
	<action actionid="2551" script="tibia/The Queen of the Banshees Quest/seal6_levers_effects.lua"/>
	<action actionid="2552" script="tibia/The Queen of the Banshees Quest/seal6_levers_effects.lua"/>
	<action actionid="2553" script="tibia/The Queen of the Banshees Quest/seal6_levers_effects.lua"/>
	<action actionid="2554" script="tibia/The Queen of the Banshees Quest/seal6_levers_effects.lua"/>
	<action actionid="2555" script="tibia/The Queen of the Banshees Quest/seal6_levers_effects.lua"/>

	<!-- Pits of Inferno -->
	<action uniqueid="10203" script="tibia/The Pits of Inferno Quest/oil.lua"/>
	<action uniqueid="10552" script="tibia/The Pits of Inferno Quest/poireward.lua"/>	
	
</actions>
