<?xml version="1.0"?>
<creaturescripts>
	<event name="PlayerLogin" type="login" script="login.lua"/>
	<event name="SendLoginInfo" type="login" script="sendlogininfo.lua"/>
	<event name="RemoveBlesses" type="die" script="removeblesses.lua"/>
	<event name="Give_Bag_After_Death" type="die" script="give_bag_after_death.lua"/>
	<event name="ExpStage" type="advance" script="exp_stage.lua"/>
	<event name="ServerRecord" type="login" script="record.lua"/>
	<event name="giveFirstItems" type="login" script="firstitems.lua" />
	<event name="lootMessage" type="kill" script="lootmessage.lua"/>
</creaturescripts>