<npc name="Alexander" script="Alexander.lua" floorchange="0" walkinterval="1500" speed="100">
	<health now="100" max="100"/>
	<look type="130" head="96" body="63" legs="71" feet="97"/>
	<parameters>
<parameter key="idletime" value="30"/>
<parameter key="message_greet" value="Hi there |PLAYERNAME|."/>
<parameter key="message_placedinqueue" value="Just wait, |PLAYERNAME|."/>
<parameter key="message_walkaway" value="See you."/>
<parameter key="message_farewell" value="See you."/>
<parameter key="message_idletimeout" value="See you."/>

<parameter key="message_decline" value="Maybe next time."/>
<parameter key="message_nothaveitem" value="Sorry, you do not have so many."/>
<parameter key="message_needmoremoney" value="Come back, when you have enough money."/>
	</parameters>
</npc>
