<npc name="Alwin" script="Alwin guard.lua" floorchange="0" walkinterval="1500" speed="100">
	<health now="100" max="100"/>
<look type="131" head="113" body="113" legs="113" feet="115"/>
	<parameters>
<parameter key="message_greet" value="LONG LIVE THE KING!"/>
<parameter key="message_placedinqueue" value="Wait."/>
<parameter key="message_walkaway" value="LONG LIVE THE KING!"/>
<parameter key="message_farewell" value="LONG LIVE THE KING!"/>
<parameter key="message_idletimeout" value="LONG LIVE THE KING!"/>
	</parameters>
</npc>
