<npc name="Anerui" script="Anerui.lua" floorchange="0" walkinterval="1500" speed="100">
	<health now="100" max="100"/>
	<look type="63" head="0" body="0" legs="0" feet="0"/>
	<parameters>
<parameter key="message_greet" value="Ashari |PLAYERNAME|."/>
<parameter key="message_placedinqueue" value="Wait, |PLAYERNAME|."/>
<parameter key="message_walkaway" value="Asha Thrazi"/>
<parameter key="message_farewell" value="Asha Thrazi"/>
<parameter key="message_idletimeout" value="Asha Thrazi"/>

<parameter key="message_decline" value="Maybe you will buy it another time."/>
<parameter key="message_needmoremoney" value="Sorry, you do not have enough copper."/>
	</parameters>
</npc>
