<npc name="Asima" script="Asima.lua" floorchange="0" walkinterval="1500" speed="100">
	<health now="100" max="100"/>
	<look type="138" head="97" body="70" legs="94" feet="76"/>
	<parameters>
<parameter key="idletime" value="30"/>
<parameter key="message_greet" value="Daraman's blessings, |PLAYERNAME|."/>
<parameter key="message_placedinqueue" value="Wait, |PLAYERNAME|!"/>
<parameter key="message_walkaway" value="Daraman's blessings."/>
<parameter key="message_farewell" value="Daraman's blessings."/>
<parameter key="message_idletimeout" value="Daraman's blessings."/>

<parameter key="message_decline" value="Hmm, but next time."/>
<parameter key="message_needmoremoney" value="Come back, when you have enough money."/>
	</parameters>
</npc>
