<npc name="Barbara" script="Barbara.lua" floorchange="0" walkinterval="0" speed="0">
	<health now="100" max="100"/>
	<look type="139" head="78" body="52" legs="64" feet="115"/>
	<parameters>
<parameter key="talkradius" value="7"/>
<parameter key="idletime" value="30"/>
<parameter key="message_greet" value="HAIL TO THE QUEEN!"/>
<parameter key="message_placedinqueue" value="Wait for your audience |PLAYERNAME|!"/>
<parameter key="message_walkaway" value="LONG LIVE THE QUEEN!"/>
<parameter key="message_farewell" value="LONG LIVE THE QUEEN!"/>
<parameter key="message_idletimeout" value="LONG LIVE THE QUEEN!"/>
	</parameters>
</npc>
