<npc name="Bashira" script="Bashira.lua" floorchange="0" walkinterval="1500" speed="100">
	<health now="100" max="100"/>
	<look type="144" head="78" body="62" legs="97" feet="76"/>
	<parameters>
<parameter key="idletime" value="30"/>
<parameter key="message_greet" value="Ashari |PLAYERNAME|"/>
<parameter key="message_placedinqueue" value="Wait one moment,|PLAYERNAME|."/>
<parameter key="message_walkaway" value="Asha Thrazi."/>
<parameter key="message_farewell" value="Asha Thrazi."/>
<parameter key="message_idletimeout" value="Asha Thrazi."/>

<parameter key="message_decline" value="Then not."/>
<parameter key="message_nothaveitem" value="Sorry, you don't have one."/>
<parameter key="message_needmoremoney" value="You don't have so much money."/>
	</parameters>
</npc>
