<npc name="Bezil" script="Bezil.lua" floorchange="0" walkinterval="1500" speed="100">
	<health now="100" max="100"/>
	<look type="160" head="116" body="79" legs="117" feet="57"/>
	<parameters>
<parameter key="idletime" value=""/>
<parameter key="message_greet" value="Hiho, Bezil at your service, |PLAYERNAME|."/>
<parameter key="message_placedinqueue" value="Hey, I am busy. I'll be with you in a minute, |PLAYERNAME|."/>
<parameter key="message_walkaway" value="Good bye."/>
<parameter key="message_farewell" value="Good bye."/>
<parameter key="message_idletimeout" value="Good bye."/>

<parameter key="message_decline" value="Maybe next time."/>
<parameter key="message_nothaveitem" value="Sorry, you are not having one."/>
<parameter key="message_needmoremoney" value="Nice joke, pauper!"/>
	</parameters>
</npc>