<npc name="Blossom Bonecrusher" script="Blossom Bonecrusher guard.lua" floorchange="0" walkinterval="1500" speed="100">
	<health now="100" max="100"/>
	<look type="139" head="96" body="19" legs="63" feet="95"/>
	<parameters>
<parameter key="message_greet" value="LONG LIVE THE KING!"/>
<parameter key="message_placedinqueue" value="Wait."/>
<parameter key="message_walkaway" value="LONG LIVE THE KING!"/>
<parameter key="message_farewell" value="LONG LIVE THE KING!"/>
<parameter key="message_idletimeout" value="LONG LIVE THE KING!"/>
	</parameters>
</npc>
