<npc name="Brengus" script="Brengus.lua" floorchange="0" walkinterval="0" speed="0">
	<health now="100" max="100"/>
	<look type="132" head="79" body="57" legs="57" feet="95"/>
	<parameters>
<parameter key="idletime" value="30"/>
<parameter key="message_greet" value="Be greeted."/>
<parameter key="message_placedinqueue" value="Please wait, I am busy right now"/>
<parameter key="message_walkaway" value="Good bye."/>
<parameter key="message_farewell" value="Good bye."/>
<parameter key="message_idletimeout" value="Good bye."/>

<parameter key="message_decline" value="Maybe next time."/>
<parameter key="message_nothaveitem" value="Sorry, you do not have so many."/>
<parameter key="message_needmoremoney" value="Sorry, you do not have enough copper."/>
	</parameters>
</npc>
