<npc name="Brodrosch" script="Brodrosch.lua" floorchange="0" walkinterval="1500" speed="100">
	<health now="100" max="100"/>
	<look type="66" head="0" body="0" legs="0" feet="0"/>
	<parameters>
<parameter key="message_greet" value="Welcome, |PLAYERNAME|! May Earth protect you, even whilst sailing!"/>
<parameter key="message_placedinqueue" value="Shut up and wait like the rest, jawoll!"/>
<parameter key="message_walkaway" value="Yeah, yeah, walk, it's cheaper."/>
<parameter key="message_farewell" value="Earth under your feet ... it's still better than lava."/>
<parameter key="message_idletimeout" value="Earth under your feet ... it's still better than lava."/>
	</parameters>
</npc>
