<npc name="Budrik" script="Budrik.lua" floorchange="0" walkinterval="1500" speed="100">
	<health now="100" max="100"/>
	<look type="160" head="94" body="76" legs="58" feet="95"/>
	<parameters>
<parameter key="idletime" value="30"/>
<parameter key="message_greet" value="Hiho, Hiho |PLAYERNAME|."/>
<parameter key="message_placedinqueue" value="Just a minute |PLAYERNAME|!"/>
<parameter key="message_walkaway" value="Bye, bye."/>
<parameter key="message_farewell" value="Bye, bye."/>
<parameter key="message_idletimeout" value="Bye, bye."/>
	</parameters>
</npc>
