<npc name="Captain Fearless" script="Captain Fearless.lua" floorchange="0" walkinterval="1500" speed="100">
	<health now="100" max="100"/>
	<look type="129" head="19" body="113" legs="95" feet="115"/>
	<parameters>
<parameter key="message_placedinqueue" value="One moment please |PLAYERNAME|. You're next in line"/>
<parameter key="message_walkaway" value="Good bye. Recommend us, if you were satisfied with our service."/>
<parameter key="message_farewell" value="Good bye. Recommend us, if you were satisfied with our service."/>
<parameter key="message_idletimeout" value="Good bye. Recommend us, if you were satisfied with our service."/>
	</parameters>
</npc>
