<npc name="Chemar" script="Chemar.lua" floorchange="0" walkinterval="1500" speed="100">
	<health now="100" max="100"/>
	<look type="130" head="95" body="3" legs="14" feet="76"/>
	<parameters>
<parameter key="message_greet" value="Ah, the wind brings in another visitor. Feel welcome |PLAYERNAME|."/>
<parameter key="message_placedinqueue" value="|PLAYERNAME|! Be calm as the eye of the storm, and your patience will be rewarded."/>
<parameter key="message_walkaway" value="Daraman's blessings!"/>
<parameter key="message_farewell" value="Daraman's blessings!"/>
<parameter key="message_idletimeout" value="Daraman's blessings!"/>
<parameter key="message_needmoremoney" value="Oh, you have not enough copper to buy a letter."/>
	</parameters>
</npc>
