<npc name="Chester Kahs" script="Chester Kahs.lua" floorchange="0" walkinterval="1500" speed="100">
	<health now="100" max="100"/>
	<look type="131" head="10" body="28" legs="47" feet="95"/>
	<parameters>
<parameter key="idletime" value="60"/>
<parameter key="message_greet" value="Salutations, stranger."/>
<parameter key="message_placedinqueue" value="Sorry, I am very busy |PLAYERNAME|."/>
<parameter key="message_walkaway" value="Take care out there!"/>
<parameter key="message_farewell" value="Take care out there!"/>
<parameter key="message_idletimeout" value="Take care out there!"/>
	</parameters>
</npc>
