<npc name="Costello" script="Costello.lua" autowalk="25" floorchange="0" access="5" level="1" maglevel="1">
	<health now="150" max="150"/>
	<look type="57" head="0" body="0" legs="0" feet="0" corpse="2212"/>
	<parameters>
		<parameter key="message_greet" value="WHAT? You have to be that trespasser my brothers told me about! Entering the restricted area is a horrible crime!" />
		<parameter key="message_farewell" value="Good bye, |PLAYERNAME|!" />
		<parameter key="message_walkaway" value="Remember: If you are heavily wounded or poisoned, I will heal you." />
		<parameter key="message_placedinqueue" value="WHAT? You have to be that trespasser my brothers told me about! Entering the restricted area is a horrible crime!" />
	</parameters>
</npc>