<npc name="Dermot" script="Dermot.lua" autowalk="25" floorchange="0" access="5" level="1" maglevel="1">
	<health now="150" max="150"/>
	<look type="129" head="76" body="49" legs="19" feet="95" corpse="2212"/>
	<parameters>
		<parameter key="message_greet" value="Hello, traveller |PLAYERNAME|. How can I help you?" />
		<parameter key="message_farewell" value="See you again." />
		<parameter key="message_walkaway" value="See you again." />
		<parameter key="message_placedinqueue" value="Sorry, I cannot talk to two persons at the same time. You'll have to wait, |PLAYERNAME|." />
	</parameters>
</npc>