<npc name="Digger" script="Digger.lua" floorchange="0" walkinterval="1500" speed="100">
	<health now="100" max="100"/>
	<look type="9" head="0" body="0" legs="0" feet="0"/>
	<parameters>
<parameter key="idletime" value="30"/>
<parameter key="message_greet" value="Oh, |PLAYERNAME| is that you? You look inconveniently healthy."/>
<parameter key="message_placedinqueue" value="Wait |PLAYERNAME|, your time will finally come."/>
<parameter key="message_walkaway" value="Bye."/>
<parameter key="message_farewell" value="Bye."/>
<parameter key="message_idletimeout" value="Bye."/>
<parameter key="message_alreadyfocused" value="I'm already talking to you."/>

<parameter key="message_nothaveitem" value="Don't overestimate my patience."/>
<parameter key="message_needmoremoney" value="Don't overestimate my patience."/>
	</parameters>
</npc>
