<npc name="Djema" script="Djema.lua" autowalk="25" floorchange="0" access="5" level="1" maglevel="1">
	<health now="150" max="150"/>
	<look type="136" head="77" body="9" legs="86" feet="131" corpse="2212"/>
	<parameters>
		<parameter key="message_greet" value="Wow! A human? Here? Hey? Where do you come from, |PLAYERNAME|? Oh, I'm so excited!" />
		<parameter key="message_farewell" value="Aww - you really have to leave so soon? You must come and visit me again. Please - promise me!" />
		<parameter key="message_walkaway" value="Please don't go!" />
		<parameter key="message_placedinqueue" value="Another human?! Please don't go away! Stay! Please wait a minute, |PLAYERNAME|!" />
	</parameters>
</npc>