<npc name="Edowir" script="Edowir.lua" floorchange="0" walkinterval="1500" speed="100">
	<health now="100" max="100"/>
	<look type="130" head="0" body="58" legs="96" feet="95"/>
	<parameters>
<parameter key="idletime" value="30"/>
<parameter key="message_greet" value="Oh, hello |PLAYERNAME|! How nice of you to visit an old man like me."/>
<parameter key="message_placedinqueue" value="Be patient |PLAYERNAME|. Learn to listen, listen to learn."/>
<parameter key="message_walkaway" value="Come back whenever you're in need of wisdom."/>
<parameter key="message_farewell" value="Come back whenever you're in need of wisdom."/>
<parameter key="message_idletimeout" value="Come back whenever you're in need of wisdom."/>
	</parameters>
</npc>
