<npc name="Elathriel" script="Elathriel.lua" floorchange="0" walkinterval="1500" speed="100">
	<health now="100" max="100"/>
	<look type="64" head="0" body="0" legs="0" feet="0"/>
	<parameters>
<parameter key="idletime" value="60"/>
<parameter key="message_greet" value="Be greeted |PLAYERNAME|."/>
<parameter key="message_placedinqueue" value="Shut up! Can't you see that I am talking?!"/>
<parameter key="message_walkaway" value="Asha Thrazi."/>
<parameter key="message_farewell" value="Asha Thrazi, stranger."/>
<parameter key="message_idletimeout" value="Asha Thrazi, stranger."/>
	</parameters>
</npc>
