<npc name="Eroth" script="Eroth.lua" floorchange="0" walkinterval="1500" speed="100">
	<health now="100" max="100"/>
	<look type="63" head="0" body="0" legs="0" feet="0"/>
	<parameters>
<parameter key="idletime" value="60"/>
<parameter key="message_greet" value="I greet thee, outsider."/>
<parameter key="message_placedinqueue" value="Silence!"/>
<parameter key="message_walkaway" value="Asha Thrazi."/>
<parameter key="message_farewell" value="Asha Thrazi. Go, where you have to go."/>
<parameter key="message_idletimeout" value="Asha Thrazi. Go, where you have to go."/>
	</parameters>
</npc>
