<npc name="Faluae" script="Faluae.lua" floorchange="0" walkinterval="1500" speed="100">
	<health now="100" max="100"/>
	<look type="62" head="0" body="0" legs="0" feet="0"/>
	<parameters>
<parameter key="idletime" value="60"/>
<parameter key="message_greet" value="Greetings, traveller."/>
<parameter key="message_placedinqueue" value="Sorry, I am busy now."/>
<parameter key="message_walkaway" value="Asha Thrazi, traveller."/>
<parameter key="message_farewell" value="Asha Thrazi, traveller."/>
<parameter key="message_idletimeout" value="Asha Thrazi, traveller."/>
	</parameters>
</npc>
