<?xml version="1.0" encoding="UTF-8"?>
<npc name="Florentine" script="default.lua" walkinterval="2000" floorchange="0">
<health now="100" max="100"/>
<look type="140" head="3" body="91" legs="38" feet="2" addons="0"/>
<parameters>

	<parameter key="message_greet" value="Welcome, |PLAYERNAME|. What can I do for you?"/>
    <parameter key="message_farewell" value="Good bye."/>
	<parameter key="message_walkaway" value="Good bye." />
	
<parameter key="module_shop" value="1" />
		<parameter key="shop_buyable" value="flower bowl,2102,6;god flowers,2100,5;honey flower,2103,5;potted flower,2104,5;indoor plant kit,3929,8;" />
</parameters>
</npc>
