<npc name="Gabel" script="Gabel.lua" autowalk="25" floorchange="0" access="5" level="1" maglevel="1">
	<health now="150" max="150"/>
	<look type="80" head="0" body="0" legs="0" feet="0" corpse="2212"/>
	<parameters>
		<parameter key="message_greet" value="Welcome, human |PLAYERNAME|, to our humble abode." />
		<parameter key="message_farewell" value="Farewell, stranger. May Uman open your minds and your hearts to Daraman's wisdom!" />
		<parameter key="message_walkaway" value="Farewell, stranger. May Uman open your minds and your hearts to Daraman's wisdom!" />
		<parameter key="message_placedinqueue" value="Have patience, |PLAYERNAME|. In this world every grain of sand has its place and its time. You may have found the place you have been looking for, but it is not yet your time." />
	</parameters>
</npc>