<npc name="Graubart" script="Graubart.lua" floorchange="0" walkinterval="1500" speed="100">
	<health now="100" max="100"/>
	<look type="128" head="98" body="87" legs="12" feet="114"/>
	<parameters>
<parameter key="idletime" value="30"/>
<parameter key="message_placedinqueue" value="One moment please, |PLAYERNAME|."/>
<parameter key="message_walkaway" value="Good bye and don't forget me!"/>
<parameter key="message_farewell" value="Good bye and don't forget me!"/>
<parameter key="message_idletimeout" value="Good bye and don't forget me!"/>
	</parameters>
</npc>
