<npc name="H.L." script="H.L..lua" floorchange="0" walkinterval="1500" speed="100">
	<health now="100" max="100"/>
	<look type="131" head="12" body="76" legs="0" feet="95"/>
	<parameters>
<parameter key="idletime" value="30"/>
<parameter key="message_placedinqueue" value="HEY! Wait in the queue, |PLAYERNAME|."/>
<parameter key="message_walkaway" value="Bye"/>
<parameter key="message_farewell" value="Bye"/>
<parameter key="message_idletimeout" value="Bye"/>

<parameter key="message_decline" value="Ok, then not."/>
<parameter key="message_nothaveitem" value="Sorry, you do not have so many."/>
	</parameters>
</npc>
