<npc name="Hardek" script="Hardek.lua" floorchange="0" walkinterval="1500" speed="100">
	<health now="100" max="100"/>
	<look type="129" head="96" body="86" legs="63" feet="115"/>
	<parameters>
<parameter key="idletime" value="30"/>
<parameter key="message_greet" value="Hello |PLAYERNAME|! Do you need my services?"/>
<parameter key="message_placedinqueue" value="One moment please |PLAYERNAME|, I am busy."/>
<parameter key="message_walkaway" value="Good bye. Visit me whenever you want to sell something."/>
<parameter key="message_farewell" value="Good bye. Visit me whenever you want to sell something."/>
<parameter key="message_idletimeout" value="Good bye. Visit me whenever you want to sell something."/>

<parameter key="message_decline" value="Maybe next time."/>
<parameter key="message_nothaveitem" value="Sorry, you do not have that many."/>
	</parameters>
</npc>
