<npc name="Hugo" script="Hugo.lua" autowalk="25" floorchange="0" access="5" level="1" maglevel="1">
	<health now="150" max="150"/>
	<look type="130" head="14" body="81" legs="80" feet="93" corpse="2212"/>
	<parameters>
		<parameter key="message_greet" value="Be greeted, |PLAYERNAME|!" />
		<parameter key="message_farewell" value="Good bye, |PLAYERNAME|." />
		<parameter key="message_walkaway" value="Good bye, |PLAYERNAME|." />
		<parameter key="message_placedinqueue" value="Perhaps we can chat later, |PLAYERNAME|." />
	</parameters>
</npc>