<npc name="Irea" script="Irea.lua" floorchange="0" walkinterval="1500" speed="100">
	<health now="100" max="100"/>
	<look type="64" head="0" body="0" legs="0" feet="0"/>
	<parameters>
<parameter key="idletime" value="60"/>
<parameter key="message_greet" value="Ashari |PLAYERNAME|."/>
<parameter key="message_placedinqueue" value="Wait |PLAYERNAME|."/>
<parameter key="message_walkaway" value="Asha Thrazi."/>
<parameter key="message_farewell" value="Asha Thrazi."/>
<parameter key="message_idletimeout" value="Asha Thrazi."/>

<parameter key="message_decline" value="As you wish."/>
<parameter key="message_needmoremoney" value="Hey, you do not have enough copper."/>
	</parameters>
</npc>
