<npc name="Ishebad" script="Ishebad.lua" floorchange="0" walkinterval="1500" speed="100">
	<health now="100" max="100"/>
	<look type="65" head="0" body="0" legs="0" feet="0"/>
	<parameters>
<parameter key="idletime" value="30"/>
<parameter key="message_greet" value="Be mourned, pilgrim in flesh."/>
<parameter key="message_placedinqueue" value="Wait."/>
<parameter key="message_walkaway" value="This person will never achieve ascension that way!"/>
<parameter key="message_farewell" value="Good bye, |PLAYERNAME|!"/>
<parameter key="message_idletimeout" value="Good bye, |PLAYERNAME|!"/>
	</parameters>
</npc>
