<npc name="Ishina" script="Ishina.lua" floorchange="0" walkinterval="0" speed="0" lookdir="3">
	<health now="100" max="100"/>
	<look type="138" head="95" body="9" legs="87" feet="95"/>
	<parameters>
<parameter key="idletime" value="30"/>
<parameter key="message_greet" value="Be greeted, |PLAYERNAME|. What do you need?"/>
<parameter key="message_placedinqueue" value="Sorry |PLAYERNAME|, I will talk to you in a minute."/>
<parameter key="message_walkaway" value="Daraman's blessings and good bye."/>
<parameter key="message_farewell" value="Daraman's blessings and good bye."/>
<parameter key="message_idletimeout" value="Daraman's blessings and good bye."/>

<parameter key="message_decline" value="Maybe next time."/>
<parameter key="message_nothaveitem" value="Sorry, you do not have so many."/>
<parameter key="message_needmoremoney" value="Come back, when you have enough money."/>
	</parameters>
</npc>
