<npc name="Iwan" script="Iwan.lua" floorchange="0" walkinterval="1500" speed="100">
	<health now="100" max="100"/>
	<look type="128" head="0" body="112" legs="88" feet="113"/>
	<parameters>
<parameter key="idletime" value="30"/>
<parameter key="message_greet" value="Feel welcome |PLAYERNAME|."/>
<parameter key="message_placedinqueue" value="I am busy here, |PLAYERNAME|. Wait."/>
<parameter key="message_walkaway" value="Bye, bye."/>
<parameter key="message_farewell" value="Bye, bye."/>
<parameter key="message_idletimeout" value="Bye, bye."/>

<parameter key="message_decline" value="Maybe next time."/>
<parameter key="message_nothaveitem" value="Sorry, you do not have so much."/>
<parameter key="message_needmoremoney" value="Come back, when you have enough money."/>
	</parameters>
</npc>
