<npc name="Jimbin" script="Jimbin.lua" floorchange="0" walkinterval="1500" speed="100">
	<health now="100" max="100"/>
	<look type="160" head="97" body="69" legs="58" feet="76"/>
	<parameters>
<parameter key="idletime" value="30"/>
<parameter key="message_greet" value="Welcome to the Jolly Axeman, have a good time, |PLAYERNAME|!"/>
<parameter key="message_placedinqueue" value="Gimme a minute, |PLAYERNAME|."/>
<parameter key="message_walkaway" value="Come back if you enjoyed my tavern, if not ... well, get eaten by a dragon, jawoll."/>
<parameter key="message_farewell" value="Come back if you enjoyed my tavern, if not ... well, get eaten by a dragon, jawoll."/>
<parameter key="message_idletimeout" value="Come back if you enjoyed my tavern, if not ... well, get eaten by a dragon, jawoll."/>

<parameter key="message_decline" value="Maybe later."/>
<parameter key="message_needmoremoney" value="I am sorry, but you do not have enough copper."/>
	</parameters>
</npc>
