<npc name="King Tibianus" script="King Tibianus.lua" floorchange="0" walkinterval="1500" speed="100">
	<health now="100" max="100"/>
	<look type="130" head="21" body="87" legs="107" feet="95"/>
	<parameters>
<parameter key="idletime" value="30"/>
<parameter key="message_greet" value="I greet there, my loyal subject."/>
<parameter key="message_placedinqueue" value="Please Wait, |PLAYERNAME|!"/>
<parameter key="message_walkaway" value="What a lack of manners!"/>
<parameter key="message_farewell" value="Good bye, |PLAYERNAME|!"/>
<parameter key="message_idletimeout" value="Good bye, |PLAYERNAME|!"/>
	</parameters>
</npc>
