<npc name="Lubo" script="Lubo.lua" floorchange="0" walkinterval="1500" speed="100">
	<health now="100" max="100"/>
	<look type="129" head="38" body="39" legs="96" feet="114"/>
	<parameters>
<parameter key="message_greet" value="Welcome to my adventurer shop, |PLAYERNAME|! What do you need?"/>
<parameter key="message_placedinqueue" value="Sorry |PLAYERNAME|, I am already talking to a customer. Please wait for your turn."/>
<parameter key="message_walkaway" value="Good bye."/>
<parameter key="message_farewell" value="Good bye."/>
<parameter key="message_idletimeout" value="Good bye."/>
	</parameters>
</npc>
