<npc name="Luna" script="Luna.lua" floorchange="0" walkinterval="1500" speed="100">
	<health now="100" max="100"/>
	<look type="137" head="0" body="118" legs="100" feet="115"/>
	<parameters>
<parameter key="idletime" value="30"/>
<parameter key="message_greet" value="Greetings, traveller."/>
<parameter key="message_placedinqueue" value="Sorry, I'm too busy now."/>
<parameter key="message_walkaway" value="Goodbye, traveller."/>
<parameter key="message_farewell" value="Goodbye, traveller."/>
<parameter key="message_idletimeout" value="Goodbye, traveller."/>

<parameter key="message_decline" value="Hmm, but next time."/>
<parameter key="message_needmoremoney" value="Come back, when you have enough money."/>
	</parameters>
</npc>
