<?xml version="1.0" encoding="UTF-8"?>
<monster name="demon" nameDescription="a demon" race="blood" experience="25" speed="120" manacost="290">
	<health now="50" max="50"/>
	<look type="35" corpse="2940"/>
	<targetchange interval="1000" chance="0"/>
	<targetstrategies nearest="100" health="0" damage="0" random="0"/>
	<flags>
		<flag attackable="1"/>
		<flag hostile="1"/>
		<flag summonable="1"/>
		<flag convinceable="1"/>
		<flag illusionable="1"/>
		<flag pushable="1"/>
		<flag canpushitems="0"/>
		<flag canpushcreatures="0"/>
		<flag targetdistance="1"/>
		<flag staticattack="90"/>
		<flag runonhealth="15"/>
	</flags>
	<attacks>
		<attack name="melee" interval="2000" skill="15" attack="10"/>
		<attack name="physical" interval="2000" checkshield="1" chance="9" range="7" min="-15" max="-25">
			<attribute key="shootEffect" value="smallstone"/>
		</attack>
	</attacks>
	<defenses armor="6" defense="8">
	</defenses>
	<elements>
	</elements>
	<immunities>
	</immunities>
	<voices interval="2000" chance="5">
		<voice sentence="Me have him!"/>
		<voice sentence="Zig Zag! Gobo attack!"/>
		<voice sentence="Help! Goblinkiller!"/>
		<voice sentence="Bugga! Bugga!"/>
		<voice sentence="Me green, me mean!"/>
	</voices>
	<loot>
		<item id="2667" chance="13000"/><!-- 13% fish -->
		<item id="2148" chance="50000" countmax="9"/><!-- 9 50% gold coin -->
		<item id="1294" chance="30000" countmax="3"/><!-- 3 30% small stone -->
		<item id="2230" chance="12000"/><!-- 12% bone -->
		<item id="2235" chance="7000"/><!-- 7% moldy cheese -->
		<item id="2559" chance="10000"/><!-- 10% small axe -->
		<item id="2461" chance="10000"/><!-- 10% leather helmet -->
		<item id="2467" chance="7500"/><!-- 7.5% leather armor -->
		<item id="1987" chance="100000"><!-- bag -->
			<inside>
				<item id="2379" chance="18000"/><!-- 18% dagger -->
				<item id="2406" chance="9000"/><!-- 9% short sword -->
				<item id="2449" chance="5000"/><!-- 5% bone club -->
			</inside>
		</item>
	</loot>
</monster>