<?xml version="1.0" encoding="UTF-8"?>
<monster name="flamethrower" nameDescription="a flamethrower" race="undead" experience="1200" speed="180" manacost="0">
	<health now="9950" max="9950"/>
	<look typeex="1560" />
	<targetchange interval="1000" chance="0"/>
	<targetstrategies nearest="100" health="0" damage="0" random="0"/>
	<flags>
		<flag summonable="0"/>
		<flag attackable="0"/>
		<flag hostile="1"/>
		<flag illusionable="0"/>
		<flag convinceable="0"/>
		<flag pushable="0"/>
		<flag canpushitems="0"/>
		<flag canpushcreatures="1"/>
		<flag targetdistance="1"/>
		<flag staticattack="90"/>
		<flag runonhealth="100"/>
	</flags>
	<attacks>
		<attack name="melee" interval="2000" skill="1" attack="1"/>
		<attack name="fire" interval="1000" chance="100" range="7" min="-50" max="-100">
			<attribute key="shootEffect" value="fire"/>
			<attribute key="areaEffect" value="yellowspark"/>
		</attack>
	</attacks>
	<defenses armor="1" defense="1"/>
		<elements>
		<element firePercent="100"/>
		<element physicalPercent="100"/><element deathPercent="100"/>
		<element earthPercent="100"/>
		<element energyPercent="100"/>
	</elements>
	<immunities>
		 <immunity lifedrain="1"/>
		<immunity paralyze="1"/>
		<immunity outfit="1"/>
		<immunity drunk="1"/>
		<immunity invisible="1"/>
	</immunities>
	<loot>
	</loot>
</monster>
