<?xml version="1.0" encoding="UTF-8"?>
<monster name="ancient scarab" nameDescription="an ancient scarab" race="venom" experience="720" speed="218" manacost="0">
	<health now="1000" max="1000"/>
	<look type="79" corpse="3004"/>
	<targetchange interval="1000" chance="5"/>
	<targetstrategies nearest="70" health="20" damage="0" random="10"/>
	<flags>
		<flag attackable="1"/>
		<flag hostile="1"/>
		<flag summonable="0"/>
		<flag convinceable="0"/>
		<flag illusionable="0"/>
		<flag pushable="0"/>
		<flag canpushitems="1"/>
		<flag canpushcreatures="1"/>
		<flag targetdistance="1"/>
		<flag staticattack="90"/>
		<flag runonhealth="0"/>
	</flags>
	<attacks>
		<attack name="melee" interval="2000" skill="80" attack="50"/>
		<attack name="poison" interval="2000" chance="12" range="7" min="-15" max="-135">
			<attribute key="shootEffect" value="poison"/>
			<attribute key="areaEffect" value="poison"/>
		</attack>
		<attack name="paralyze_ancientscarab" interval="2000" chance="13" range="7"/>
		<attack name="poisoncondition" interval="2000" chance="17" radius="5" target="0" min="-440" max="-520">
			<attribute key="areaEffect" value="poison"/>
		</attack>
		<attack name="poisoncondition" interval="2000" chance="17" radius="5" target="0" min="-440" max="-520">
			<attribute key="areaEffect" value="poison"/>
		</attack>
		<attack name="paralyze_ancientscarab2" interval="2000" chance="25" range="7"/>
	</attacks>
	<summons maxSummons="3">
		<summon name="larva" interval="2000" chance="15" max="3"/>
	</summons>
	<defenses armor="36" defense="33">
		<defense name="haste_ancientscarab" interval="2000" chance="8"/>
	</defenses>
	<elements>
		<element earthPercent="100"/>
	</elements>
	<immunities>
		<immunity lifedrain="1"/>
		<immunity paralyze="1"/>
		<immunity invisible="1"/>
	</immunities>
	<voices interval="2000" chance="5">
	</voices>
	<loot>
		<item id="2148" chance="44400" countmax="100"/><!-- 100 44.4% gold coin -->
	    <item id="2148" chance="75700" countmax="66"/><!-- 66 75.7% gold coin -->
		<item id="2148" chance="99900" countmax="22"/><!-- 22 99.9% gold coin -->
		<item id="2150" chance="1200" countmax="4"/><!-- 4 1.2% small amethyst -->
		<item id="2149" chance="600" countmax="3"/><!-- 3 0.6% small emerald -->
		<item id="2159" chance="5000" countmax="2"/><!-- 2 5% scarab coin -->
		<item id="2159" chance="1000"/><!-- 1% scarab coin -->
		<item id="2135" chance="500"/><!-- 0.5% scarab amulet -->
		<item id="2142" chance="1000"/><!-- 1% ancient amulet -->
		<item id="2463" chance="10000"/><!-- 10% plate armor -->
		<item id="1987" chance="100000"><!-- bag -->
			<inside>
				<item id="2162" chance="10900"/><!-- 10.9% magic light wand -->
				<item id="2440" chance="300"/><!-- 0.3% daramanian waraxe -->
				<item id="2540" chance="500"/><!-- 0.5% scarab shield -->
			</inside>
		</item>		
	</loot>
</monster>