<?xml version="1.0" encoding="UTF-8"?>
<monster name="bat" nameDescription="a bat" race="blood" experience="10" speed="200" manacost="250">
	<health now="30" max="30"/>
	<look type="122" corpse="4298"/>
	<targetchange interval="1000" chance="0"/>
	<targetstrategies nearest="100" health="0" damage="0" random="0"/>
	<flags>
		<flag attackable="1"/>
		<flag hostile="1"/>
		<flag summonable="1"/>
		<flag convinceable="1"/>
		<flag illusionable="1"/>
		<flag pushable="1"/>
		<flag canpushitems="0"/>
		<flag canpushcreatures="0"/>
		<flag targetdistance="1"/>
		<flag staticattack="90"/>
		<flag runonhealth="3"/>
	</flags>
	<attacks>
		<attack name="melee" interval="2000" skill="16" attack="8"/>
	</attacks>
	<defenses armor="1" defense="6">
	</defenses>
	<elements>
	</elements>
	<immunities>
	</immunities>
	<voices interval="2000" chance="5">
		    <voice sentence="Flap! Flap!"/>
	</voices>
	<loot>
	</loot>
</monster>