<?xml version="1.0" encoding="UTF-8"?>
<monster name="behemoth" nameDescription="a behemoth" race="blood" experience="2500" speed="340" manacost="0">
	<health now="4000" max="4000"/>
	<look type="55" corpse="2931"/>
	<targetchange interval="1000" chance="5"/>
	<targetstrategies nearest="70" health="0" damage="30" random="0"/>
	<flags>
		<flag attackable="1"/>
		<flag hostile="1"/>
		<flag summonable="0"/>
		<flag convinceable="0"/>
		<flag illusionable="0"/>
		<flag pushable="0"/>
		<flag canpushitems="1"/>
		<flag canpushcreatures="1"/>
		<flag targetdistance="1"/>
		<flag staticattack="90"/>
		<flag runonhealth="0"/>
	</flags>
	<attacks>
		<attack name="melee" interval="2000" skill="110" attack="75"/>
		<attack name="physical" interval="2000" checkshield="1" chance="15" range="7" min="-125" max="-185">
			<attribute key="shootEffect" value="largerock"/>
		</attack>
	</attacks>
	<defenses armor="50" defense="65">
		<defense name="haste_behemoth" interval="2000" chance="7"/>
	</defenses>
	<elements>
		<element firePercent="100"/>
		<element earthPercent="100"/>
		<element energyPercent="100"/>
	</elements>
	<immunities>
		<immunity paralyze="1"/>
		<immunity invisible="1"/>
	</immunities>
	<voices interval="2000" chance="5">
		<voice sentence="You're so little!"/>
		<voice sentence="Human flesh - delicious!"/>
		<voice sentence="Crush the intruders!" yell="1"/>
	</voices>
	<loot>
		<item id="2666" chance="40000" countmax="6"/><!-- 6 40% meat -->
		<item id="2148" chance="70000" countmax="60"/><!-- 60 70% gold coin -->
		<item id="2148" chance="50000" countmax="80"/><!-- 80 50% gold coin -->
		<item id="2150" chance="4000" countmax="2"/><!-- 2 4% small amethyst -->
		<item id="2231" chance="7000"/><!-- 7% big bone -->
		<item id="2553" chance="6000"/><!-- 6% pick -->
		<item id="2023" chance="11000"/><!-- 11% amphora  -->
		<item id="2125" chance="300"/><!-- 0.3% crystal necklace -->
		<item id="2489" chance="3000"/><!-- 3% dark armor -->	
		<item id="2463" chance="2000"/><!-- 2% plate armor -->
		<item id="2645" chance="400"/><!-- 0.4% steel boots -->
		<item id="1987" chance="100000"><!-- bag -->
			<inside>
				<item id="2393" chance="1000"/><!-- 1% giant sword -->
				<item id="2377" chance="4000"/><!-- 4% two-handed sword -->
				<item id="2387" chance="10000"/><!-- 10% double axe -->
				<item id="2416" chance="15000"/><!-- 15% crowbar -->
				<item id="2174" chance="800"/><!-- 0.8% strange symbol -->
			</inside>
		</item>
	</loot>
</monster>