<?xml version="1.0" encoding="UTF-8"?>
<monster name="black sheep" nameDescription="a black sheep" race="blood" experience="0" speed="116" manacost="250">
	<health now="20" max="20"/>
	<look type="13" corpse="2914"/>
	<targetchange interval="1000" chance="0"/>
	<targetstrategies nearest="100" health="0" damage="0" random="0"/>
	<flags>
		<flag attackable="1"/>
		<flag hostile="0"/>
		<flag summonable="1"/>
		<flag convinceable="1"/>
		<flag illusionable="1"/>
		<flag pushable="1"/>
		<flag canpushitems="0"/>
		<flag canpushcreatures="0"/>
		<flag targetdistance="1"/>
		<flag staticattack="90"/>
		<flag runonhealth="20"/>
	</flags>
	<attacks>
		<attack name="melee" interval="2000" skill="0" attack="0"/>
	</attacks>
	<defenses armor="1" defense="2">
	</defenses>
	<elements>
	</elements>
	<immunities>
	</immunities>
	<voices interval="2000" chance="5">
		<voice sentence="Maeh"/>
	</voices>
	<loot>
		<item id="2666" chance="70000" countmax="4"/><!-- 4 70% meat -->
	</loot>
</monster>