<?xml version="1.0" encoding="UTF-8"?>
<monster name="butterfly" nameDescription="a butterfly" race="venom" experience="0" speed="320" manacost="0">
	<health now="2" max="2"/>
	<look type="213" corpse="4993"/>
	<targetchange interval="1000" chance="10"/>
	<targetstrategies nearest="60" health="0" damage="0" random="40"/>
	<flags>
		<flag attackable="1"/>
		<flag hostile="0"/>
		<flag summonable="0"/>
		<flag convinceable="0"/>
		<flag illusionable="1"/>
		<flag pushable="1"/>
		<flag canpushitems="0"/>
		<flag canpushcreatures="0"/>
		<flag targetdistance="1"/>
		<flag staticattack="90"/>
		<flag runonhealth="2"/>
	</flags>
	<attacks>
		<attack name="melee" interval="2000" skill="5" attack="0"/>
	</attacks>
	<defenses armor="0" defense="14">
	</defenses>
	<elements>
	</elements>
	<immunities>
	</immunities>
	<voices interval="2000" chance="5">
	</voices>
	<loot>
	</loot>
</monster>