<?xml version="1.0" encoding="UTF-8"?>
<monster name="crocodile" nameDescription="a crocodile" race="blood" experience="40" speed="158" manacost="350">
	<health now="105" max="105"/>
	<look type="119" corpse="4277"/>
	<targetchange interval="1000" chance="5"/>
	<targetstrategies nearest="70" health="0" damage="30" random="0"/>
	<flags>
		<flag attackable="1"/>
		<flag hostile="1"/>
		<flag summonable="1"/>
		<flag convinceable="1"/>
		<flag illusionable="1"/>
		<flag pushable="0"/>
		<flag canpushitems="1"/>
		<flag canpushcreatures="1"/>
		<flag targetdistance="1"/>
		<flag staticattack="90"/>
		<flag runonhealth="10"/>
	</flags>
	<attacks>
		<attack name="melee" interval="2000" skill="21" attack="32"/>
	</attacks>
	<defenses armor="13" defense="5">
	</defenses>
	<elements>
	</elements>
	<immunities>
	</immunities>
	<voices interval="2000" chance="5">
	</voices>
	<loot>
		<item id="2671" chance="40000" countmax="2"/><!-- 2 40% ham -->
		<item id="2666" chance="70000" countmax="4"/><!-- 4 70% meat -->
		<item id="2148" chance="50000" countmax="10"/><!-- 10 50% gold coin -->
		<item id="3982" chance="100"/><!-- 0.1% crocodile boots -->
		<item id="2461" chance="8000"/><!-- 8% leather helmet -->
		<item id="2649" chance="8000"/><!-- 8% leather legs -->
	</loot>
</monster>