<?xml version="1.0" encoding="UTF-8"?>
<monster name="deer" nameDescription="a deer" race="blood" experience="0" speed="194" manacost="260">
	<health now="25" max="25"/>
	<look type="31" corpse="2835"/>
	<targetchange interval="1000" chance="0"/>
	<targetstrategies nearest="100" health="0" damage="0" random="0"/>
	<flags>
		<flag attackable="1"/>
		<flag hostile="0"/>
		<flag summonable="1"/>
		<flag convinceable="1"/>
		<flag illusionable="1"/>
		<flag pushable="1"/>
		<flag canpushitems="0"/>
		<flag canpushcreatures="0"/>
		<flag targetdistance="1"/>
		<flag staticattack="90"/>
		<flag runonhealth="25"/>
	</flags>
	<attacks>
		<attack name="melee" interval="2000" skill="10" attack="2"/>
	</attacks>
	<defenses armor="2" defense="2">
	</defenses>
	<elements>
	</elements>
	<immunities>
	</immunities>
	<voices interval="2000" chance="5">
	</voices>
	<loot>
		<item id="2671" chance="45000"/><!-- 1 45% ham -->
		<item id="2666" chance="80000" countmax="3"/><!-- 3 80% meat -->
	</loot>
</monster>