<?xml version="1.0" encoding="UTF-8"?>
<monster name="dworc voodoomaster" nameDescription="a dworc voodoomaster" race="blood" experience="50" speed="150" manacost="300">
	<health now="80" max="80"/>
	<look type="214" corpse="4304"/>
	<targetchange interval="1000" chance="0"/>
	<targetstrategies nearest="100" health="0" damage="0" random="0"/>
	<flags>
		<flag attackable="1"/>
		<flag hostile="1"/>
		<flag summonable="0"/>
		<flag convinceable="1"/>
		<flag illusionable="1"/>
		<flag pushable="1"/>
		<flag canpushitems="0"/>
		<flag canpushcreatures="0"/>
		<flag targetdistance="4"/>
		<flag staticattack="90"/>
		<flag runonhealth="15"/>
	</flags>
	<attacks>
		<attack name="melee" interval="2000" skill="22" attack="13"/>
		<attack name="lifedrain" interval="1000" chance="6" range="1" min="-1" max="-39"/>
		<attack name="paralyze_dworcvoodoomaster" interval="1000" chance="8" range="7"/>
		<attack name="drunk" interval="1000" chance="9" range="7" duration="6000">
			<attribute key="shooteffect" value="energy"/>
			<attribute key="areaeffect" value="teleport"/>
		</attack>
		<attack name="outfit" interval="1000" chance="9" range="7" monster="chicken" duration="5000">
			<attribute key="areaeffect" value="blueshimmer"/>
		</attack>
		<attack name="poison" interval="1000" chance="20" radius="6" target="0" min="-6" max="-18">
			<attribute key="areaeffect" value="greenbubble"/>
		</attack>
		<attack name="poisonfield" interval="1000" chance="13" range="7" radius="1" target="1">
			<attribute key="shooteffect" value="poison"/>
		</attack>
	</attacks>
	<defenses armor="3" defense="8">
		<defense name="healing" interval="1000" chance="10" min="3" max="9">
			<attribute key="areaeffect" value="blueshimmer"/>
		</defense>
		<defense name="haste_dworcvoodoomaster" interval="1000" chance="8"/>
		<defense name="invisible" interval="1000" chance="5" duration="3000">
			<attribute key="areaeffect" value="blueshimmer"/>
		</defense>
	</defenses>
	<elements>
		<element earthPercent="100"/>
	</elements>
	<immunities>
	</immunities>
	<voices interval="2000" chance="5">
		<voice sentence="Grak brrretz!"/>
		<voice sentence="Grow truk grrrrr."/>
		<voice sentence="Prek tars, dekklep zurk."/>
	</voices>
	<loot>
		<item id="2148" chance="80000" countmax="10"/><!-- 10 80% gold coin -->
		<item id="2229" chance="3000" countmax="3"/><!-- 3 3% skull -->
		<item id="2231" chance="7000"/><!-- 7% big bone -->
		<item id="2230" chance="10000"/><!-- 10% bone -->
		<item id="3955" chance="100"/><!-- 0.1% voodoo doll -->
		<item id="2467" chance="10000"/><!-- 10% leather armor -->
		<item id="3967" chance="500"/><!-- 0.5% tribal mask -->
		<item id="1987" chance="100000"><!-- bag -->
			<inside>
				<item id="2050" chance="5500"/><!-- 5.5% torch -->
				<item id="2411" chance="1000"/><!-- 1% poison dagger -->
				<item id="2174" chance="500"/><!-- 0.5% strange symbol -->
			</inside>
		</item>
	</loot>
</monster>