<?xml version="1.0" encoding="UTF-8"?>
<monster name="ghost" nameDescription="a ghost" race="undead" experience="120" speed="160" manacost="0">
	<health now="150" max="150"/>
	<look type="48" corpse="2913"/>
	<targetchange interval="1000" chance="0"/>
	<targetstrategies nearest="100" health="0" damage="0" random="0"/>
	<flags>
		<flag attackable="1"/>
		<flag hostile="1"/>
		<flag summonable="0"/>
		<flag convinceable="0"/>
		<flag illusionable="1"/>
		<flag pushable="0"/>
		<flag canpushitems="1"/>
		<flag canpushcreatures="0"/>
		<flag targetdistance="1"/>
		<flag staticattack="90"/>
		<flag runonhealth="0"/>
	</flags>
	<attacks>
		<attack name="melee" interval="2000" skill="45" attack="28"/>
		<attack name="lifedrain" interval="2000" chance="15" range="1" min="-25" max="-45"/>
	</attacks>
	<defenses armor="10" defense="20">
	</defenses>
	<elements>
		<element physicalPercent="100"/><element deathPercent="100"/>
		<element earthPercent="100"/>
	</elements>
	<immunities>
		<immunity lifedrain="1"/>
		<immunity paralyze="1"/>
	</immunities>
	<voices interval="2000" chance="5">
		<voice sentence="Huh!"/>
		<voice sentence="Shhhhhh"/>
		<voice sentence="Buuuuuh"/>
	</voices>
	<loot>
		<item id="2654" chance="9000"/><!-- 9% cape -->
		<item id="2804" chance="15000"/><!-- 15% shadow herb -->
		<item id="2642" chance="20000"/><!-- 20% sandals -->
		<item id="1987" chance="100000"><!-- bag -->
			<inside>
				<item id="2404" chance="7000"/><!-- 7% combat knife -->
				<item id="2394" chance="11000"/><!-- 11% morning star -->
				<item id="2532" chance="800"/><!-- 0.8% ancient shield -->
				<item id="1977" chance="1500"/><!-- 1.5% orange book -->
				<item id="2165" chance="200"/><!-- 0.2% stealth ring -->
			</inside>
		</item>
	</loot>
</monster>