<?xml version="1.0" encoding="UTF-8"?>
<monster name="lizard templar" nameDescription="a lizard templar" race="blood" experience="145" speed="174" manacost="0">
	<health now="410" max="410"/>
	<look type="113" corpse="4256"/>
	<targetchange interval="1000" chance="0"/>
	<targetstrategies nearest="100" health="0" damage="0" random="0"/>
	<flags>
		<flag attackable="1"/>
		<flag hostile="1"/>
		<flag summonable="0"/>
		<flag convinceable="0"/>
		<flag illusionable="1"/>
		<flag pushable="0"/>
		<flag canpushitems="1"/>
		<flag canpushcreatures="0"/>
		<flag targetdistance="1"/>
		<flag staticattack="90"/>
		<flag runonhealth="0"/>
	</flags>
	<attacks>
		<attack name="melee" interval="2000" skill="44" attack="30"/>
	</attacks>
	<defenses armor="26" defense="20">
	</defenses>
	<elements>
		<element earthPercent="100"/>
	</elements>
	<immunities>
	</immunities>
	<voices interval="2000" chance="5">
		<voice sentence="Hissss!"/>
	</voices>
	<loot>
		<item id="2148" chance="80000" countmax="20"/><!-- 20 80% gold coin -->
		<item id="2149" chance="300"/><!-- 0.3% small emerald -->
		<item id="2457" chance="2000"/><!-- 2% steel helmet -->
		<item id="2463" chance="1000"/><!-- 1% plate armor -->
		<item id="1987" chance="100000"><!-- bag -->
			<inside>
				<item id="2406" chance="20000"/><!-- 20% short sword -->
				<item id="2376" chance="5000"/><!-- 5% sword -->
				<item id="2394" chance="700"/><!-- 0.7% morning star -->
				<item id="3963" chance="500"/><!-- 0.5% templar scytheblade -->
				<item id="3975" chance="100"/><!-- 0.1% salamander shield -->
			</inside>
		</item>
	</loot>
</monster>