<?xml version="1.0" encoding="UTF-8"?>
<monster name="lizard snakecharmer" nameDescription="a lizard snakecharmer" race="blood" experience="210" speed="184" manacost="0">
	<health now="325" max="325"/>
	<look type="115" corpse="4262"/>
	<targetchange interval="1000" chance="50"/>
	<targetstrategies nearest="100" health="0" damage="0" random="0"/>
	<flags>
		<flag attackable="1"/>
		<flag hostile="1"/>
		<flag summonable="0"/>
		<flag convinceable="0"/>
		<flag illusionable="1"/>
		<flag pushable="1"/>
		<flag canpushitems="1"/>
		<flag canpushcreatures="0"/>
		<flag targetdistance="4"/>
		<flag staticattack="90"/>
		<flag runonhealth="15"/>
	</flags>
	<attacks>
		<attack name="melee" interval="2000" skill="28" attack="18"/>
		<attack name="poisoncondition" interval="1000" chance="12" range="7" min="-140" max="-200">
			<attribute key="shootEffect" value="poison"/>
			<attribute key="areaEffect" value="poison"/>
		</attack>
		<attack name="poison" interval="1000" chance="17" range="7" radius="1" target="1" min="-50" max="-100">
			<attribute key="shootEffect" value="poison"/>
			<attribute key="areaEffect" value="greenbubble"/>
		</attack>
	</attacks>
	<defenses armor="22" defense="15">
		<defense name="healing" interval="1000" chance="34" min="50" max="100">
			<attribute key="areaEffect" value="blueshimmer"/>
		</defense>
	</defenses>
	<summons maxSummons="2">
		<summon name="cobra" interval="1000" chance="25"/>
	</summons>
	<elements>
		<element earthPercent="100"/>
	</elements>
	<immunities>
		<immunity invisible="1"/>
	</immunities>
	<voices interval="2000" chance="5">
		<voice sentence="Shhhhhhhh."/>
		<voice sentence="I ssssmell warm blood!"/>
	</voices>
	<loot>
		<item id="2148" chance="80000" countmax="25"/><!-- 25 80% gold coin -->
		<item id="2150" chance="500"/><!-- 0.5% small amethyst -->
		<item id="2177" chance="1000"/><!-- 1% life crystal -->
		<item id="2154" chance="200"/><!-- 0.2% yellow gem -->
		<item id="2817" chance="70000"/><!-- 70% dead snake -->
		<item id="2237" chance="19900"/><!-- 19.9% dirty cape -->
		<item id="2654" chance="9000"/><!-- 9% cape -->
		<item id="3971" chance="100"/><!-- 0.1% charmer's tiara -->
		<item id="1987" chance="100000"><!-- bag -->
			<inside>
				<item id="2182" chance="100"/><!-- 0.1% snakebite rod -->
				<item id="2181" chance="1000"/><!-- 1% quagmire rod -->
				<item id="2168" chance="200"/><!-- 0.2% life ring -->
			</inside>
		</item>
	</loot>
</monster>