<?xml version="1.0" encoding="UTF-8"?>
<monster name="monk" nameDescription="a monk" race="blood" experience="200" speed="240" manacost="600">
	<health now="240" max="240"/>
	<look type="57" corpse="3128"/>
	<targetchange interval="1000" chance="5"/>
	<targetstrategies nearest="70" health="20" damage="10" random="0"/>
	<flags>
		<flag attackable="1"/>
		<flag hostile="1"/>
		<flag summonable="1"/>
		<flag convinceable="0"/>
		<flag illusionable="1"/>
		<flag pushable="0"/>
		<flag canpushitems="1"/>
		<flag canpushcreatures="1"/>
		<flag targetdistance="1"/>
		<flag staticattack="90"/>
		<flag runonhealth="0"/>
	</flags>
	<attacks>
		<attack name="melee" interval="2000" skill="55" attack="42"/>
	</attacks>
	<defenses armor="25" defense="52">
		<defense name="healing" interval="2000" chance="17" min="30" max="50">
			<attribute key="areaEffect" value="blueshimmer"/>
		</defense>
		<defense name="haste_monk" interval="2000" chance="10"/>
	</defenses>
	<elements>
	</elements>
	<immunities>
		<immunity invisible="1"/>
	</immunities>
	<voices interval="2000" chance="5">
		<voice sentence="I will punish the sinners!"/>
		<voice sentence="A prayer to the almighty one."/>
		<voice sentence="Repent Heretic!" yell="1"/>
	</voices>
	<loot>
		<item id="2689" chance="20000"/><!-- 20% bread -->
		<item id="2148" chance="15000" countmax="18"/><!-- 18 15% gold coin -->
		<item id="2193" chance="100"/><!-- 0.1% ankh -->
		<item id="2177" chance="1000"/><!-- 1% life crystal -->
		<item id="1949" chance="20000"/><!-- 20% scroll -->
		<item id="2015" chance="9000"/><!-- 9% brown flask -->
		<item id="1987" chance="13000" dropempty="true"/><!-- 13% bag -->
		<item id="2467" chance="5500"/><!-- 5.5% leather armor -->
		<item id="2642" chance="8000"/><!-- 8% sandals -->
		<item id="1987" chance="100000"><!-- bag -->
			<inside>
				<item id="2044" chance="10000"/><!-- 10% lamp -->
				<item id="2401" chance="11000"/><!-- 11% staff -->
				<item id="2166" chance="100"/><!-- 0.1% power ring -->
			</inside>
		</item>
	</loot>
</monster>