<?xml version="1.0" encoding="UTF-8"?>
<monster name="mummy" nameDescription="a mummy" race="undead" experience="150" speed="150" manacost="510">
	<health now="240" max="240"/>
	<look type="65" corpse="2949"/>
	<targetchange interval="1000" chance="0"/>
	<targetstrategies nearest="100" health="0" damage="0" random="0"/>
	<flags>
		<flag attackable="1"/>
		<flag hostile="1"/>
		<flag summonable="0"/>
		<flag convinceable="0"/>
		<flag illusionable="1"/>
		<flag pushable="0"/>
		<flag canpushitems="1"/>
		<flag canpushcreatures="0"/>
		<flag targetdistance="1"/>
		<flag staticattack="90"/>
		<flag runonhealth="0"/>
	</flags>
	<attacks>
		<attack name="melee" interval="2000" skill="50" attack="32" poison="65"/>
		<attack name="lifedrain" interval="2000" chance="15" range="1" min="-30" max="-40"/>
		<attack name="paralyze_mummy" interval="2000" chance="8" range="7"/>
	</attacks>
	<defenses armor="14" defense="32">
	</defenses>
	<elements>
		<element earthPercent="100"/>
	</elements>
	<immunities>
		<immunity lifedrain="1"/>
		<immunity paralyze="1"/>
		<immunity invisible="1"/>
	</immunities>
	<voices interval="2000" chance="5">
		<voice sentence="I will ssswallow your sssoul!"/>
		<voice sentence="Ahkahra exura belil mort!"/>
		<voice sentence="Yohag Sssetham!"/>
		<voice sentence="I will tassste life again!"/>
		<voice sentence="Mort ulhegh dakh visss."/>
		<voice sentence="Flesssh to dussst!"/>
	</voices>
	<loot>
		<item id="3976" chance="70000" countmax="3"/><!-- 3 70% worm -->
		<item id="2148" chance="40000" countmax="80"/><!-- 80 40% gold coin -->
		<item id="2144" chance="1000"/><!-- 1% black pearl -->
		<item id="2134" chance="4000"/><!-- 4% silver brooch -->
		<item id="2124" chance="1500"/><!-- 1.5% crystal ring -->
		<item id="1987" chance="100000"><!-- bag -->
			<inside>
				<item id="2162" chance="16000"/><!-- 16% magic lightwand -->
				<item id="2411" chance="2500"/><!-- 2.5% poison dagger -->
				<item id="2406" chance="8000"/><!-- 8% short sword -->
				<item id="2529" chance="200"/><!-- 0.2% black shield -->
				<item id="2170" chance="100"/><!-- 0.1% silver amulet -->
				<item id="2161" chance="5000"/><!-- 5% strange talisman -->
			</inside>
		</item>
	</loot>
</monster>