<?xml version="1.0" encoding="UTF-8"?>
<monster name="necromancer" nameDescription="a necromancer" race="blood" experience="580" speed="184" manacost="0">
	<health now="580" max="580"/>
	<look type="9" corpse="3128"/>
	<targetchange interval="1000" chance="50"/>
	<targetstrategies nearest="100" health="0" damage="0" random="0"/>
	<flags>
		<flag attackable="1"/>
		<flag hostile="1"/>
		<flag summonable="0"/>
		<flag convinceable="0"/>
		<flag illusionable="0"/>
		<flag pushable="0"/>
		<flag canpushitems="1"/>
		<flag canpushcreatures="1"/>
		<flag targetdistance="4"/>
		<flag staticattack="90"/>
		<flag runonhealth="0"/>
	</flags>
	<attacks>
		<attack name="melee" interval="2000" skill="30" attack="40" poison="90"/>
		<attack name="lifedrain" interval="1000" chance="20" range="1" min="-60" max="-100">
			<attribute key="areaEffect" value="redspark"/>
		</attack>
		<attack name="poison" interval="1000" chance="17" range="7" min="-35" max="-95">
			<attribute key="shootEffect" value="poison"/>
			<attribute key="areaEffect" value="poison"/>
		</attack>
	</attacks>
	<defenses armor="50" defense="40">
		<defense name="healing" interval="1000" chance="25" min="42" max="68">
			<attribute key="areaEffect" value="blueshimmer"/>
		</defense>
	</defenses>
	<summons maxSummons="4">
		<summon name="ghoul" interval="1000" chance="17" max="2"/>
		<summon name="ghost" interval="1000" chance="15" max="1"/>
		<summon name="mummy" interval="1000" chance="13" max="1"/>
	</summons>
	<elements>
		<element earthPercent="100"/>
	</elements>
	<immunities>
		<immunity lifedrain="1"/>
		<immunity invisible="1"/>
	</immunities>
	<voices interval="2000" chance="5">
		<voice sentence="Your corpse will be mine!"/>
		<voice sentence="Taste the sweetness of death!"/>
	</voices>
	<loot>
		<item id="2796" chance="1500"/><!-- 1.5% green mushroom -->
		<item id="2148" chance="30000" countmax="90"/><!-- 90 30% gold coin -->
		<item id="2663" chance="500"/><!-- 0.5% mystic turban -->
		<item id="2483" chance="10000"/><!-- 10% scale armor -->
		<item id="2195" chance="200"/><!-- 0.2% boots of haste -->
		<item id="1987" chance="100000"><!-- bag -->
			<inside>
				<item id="2436" chance="100"/><!-- 0.1% skull staff -->
				<item id="2423" chance="1000"/><!-- 1% clerical mace -->
				<item id="2406" chance="15000"/><!-- 15% short sword -->
			</inside>
		</item>
	</loot>
</monster>