<?xml version="1.0" encoding="UTF-8"?>
<monster name="orc rider" nameDescription="an orc rider" race="blood" experience="110" speed="260" manacost="490">
	<health now="180" max="180"/>
	<look type="4" corpse="2972"/>
	<targetchange interval="1000" chance="5"/>
	<targetstrategies nearest="70" health="30" damage="0" random="0"/>
	<flags>
		<flag attackable="1"/>
		<flag hostile="1"/>
		<flag summonable="0"/>
		<flag convinceable="1"/>
		<flag illusionable="0"/>
		<flag pushable="0"/>
		<flag canpushitems="1"/>
		<flag canpushcreatures="1"/>
		<flag targetdistance="1"/>
		<flag staticattack="90"/>
		<flag runonhealth="0"/>
	</flags>
	<attacks>
		<attack name="melee" interval="2000" skill="48" attack="41"/>
	</attacks>
	<defenses armor="9" defense="20">
		<defense name="haste_orcrider" interval="2000" chance="7"/>
	</defenses>
	<elements>
	</elements>
	<immunities>
	</immunities>
	<voices interval="2000" chance="5">
		<voice sentence="Grrrrrrr"/>
		<voice sentence="Orc arga Huummmak!"/>
	</voices>
	<loot>
		<item id="2666" chance="30000" countmax="3"/><!-- 3 30% meat -->
		<item id="2148" chance="50000" countmax="10"/><!-- 10 50% gold coin -->
		<item id="2148" chance="100" countmax="80"/><!-- 80 0.1% gold coin -->
		<item id="2129" chance="10000"/><!-- 10% wolf tooth chain -->
		<item id="1988" chance="30000" dropempty="true"/><!-- 30% backpack -->
		<item id="2482" chance="15000"/><!-- 15% studded helmet -->
		<item id="2483" chance="600"/><!-- 0.6% scale armor -->
		<item id="1987" chance="100000"><!-- bag -->
			<inside>
				<item id="2050" chance="8000"/><!-- 8% torch -->
				<item id="2428" chance="15000"/><!-- 15% orcish axe -->
				<item id="2425" chance="1000"/><!-- 1% obsidian lance -->
				<item id="2513" chance="1000"/><!-- 1% battle shield -->
			</inside>
		</item>
	</loot>
</monster>