<?xml version="1.0" encoding="UTF-8"?>
<monster name="orc berserker" nameDescription="an orc berserker" race="blood" experience="195" speed="250" manacost="590">
	<health now="210" max="210"/>
	<look type="8" corpse="2864"/>
	<targetchange interval="1000" chance="10"/>
	<targetstrategies nearest="60" health="40" damage="0" random="0"/>
	<flags>
		<flag attackable="1"/>
		<flag hostile="1"/>
		<flag summonable="1"/>
		<flag convinceable="1"/>
		<flag illusionable="1"/>
		<flag pushable="0"/>
		<flag canpushitems="1"/>
		<flag canpushcreatures="1"/>
		<flag targetdistance="1"/>
		<flag staticattack="90"/>
		<flag runonhealth="0"/>
	</flags>
	<attacks>
		<attack name="melee" interval="2000" skill="50" attack="65"/>
	</attacks>
	<defenses armor="12" defense="12">
		<defense name="haste_orcberserker" interval="2000" chance="9"/>
	</defenses>
	<elements>
		<element earthPercent="100"/>
	</elements>
	<immunities>
	</immunities>
	<voices interval="2000" chance="5">
		<voice sentence="KRAK ORRRRRRK!" yell="1"/>
	</voices>
	<loot>
		<item id="2671" chance="17000"/><!-- 17% ham -->
		<item id="2148" chance="55000" countmax="12"/><!-- 12 55% gold coin -->
		<item id="2458" chance="11000"/><!-- 11% chain helmet -->
		<item id="2464" chance="10000"/><!-- 10% chain armor -->
		<item id="1987" chance="100000"><!-- bag -->
			<inside>
				<item id="2044" chance="8000"/><!-- 8% lamp -->
				<item id="2381" chance="7000"/><!-- 7% halberd -->
				<item id="2378" chance="6000"/><!-- 6% battle axe -->
			</inside>
		</item>
	</loot>
</monster>