<?xml version="1.0" encoding="UTF-8"?>
<monster name="polar bear" nameDescription="a polar bear" race="blood" experience="28" speed="156" manacost="315">
	<health now="85" max="85"/>
	<look type="42" corpse="2893"/>
	<targetchange interval="1000" chance="0"/>
	<targetstrategies nearest="100" health="0" damage="0" random="0"/>
	<flags>
		<flag attackable="1"/>
		<flag hostile="1"/>
		<flag summonable="1"/>
		<flag convinceable="1"/>
		<flag illusionable="1"/>
		<flag pushable="0"/>
		<flag canpushitems="0"/>
		<flag canpushcreatures="0"/>
		<flag targetdistance="1"/>
		<flag staticattack="90"/>
		<flag runonhealth="5"/>
	</flags>
	<attacks>
		<attack name="melee" interval="2000" skill="19" attack="18"/>
	</attacks>
	<defenses armor="7" defense="10">
	</defenses>
	<elements>
	</elements>
	<immunities>
	</immunities>
	<voices interval="2000" chance="5">
		<voice sentence="Grrrrrr"/>
		<voice sentence="GROARRR!" yell="1"/>
	</voices>
	<loot>
		<item id="2671" chance="50000" countmax="2"/><!-- 2 50% ham -->
		<item id="2666" chance="70000" countmax="4"/><!-- 4 70% meat -->
	</loot>
</monster>