<?xml version="1.0" encoding="UTF-8"?>
<monster name="spit nettle" nameDescription="a spit nettle" race="venom" experience="20" speed="0" manacost="0">
	<health now="150" max="150"/>
	<look type="221" corpse="4326"/>
	<targetchange interval="1000" chance="0"/>
	<targetstrategies nearest="100" health="0" damage="0" random="0"/>
	<flags>
		<flag attackable="1"/>
		<flag hostile="1"/>
		<flag summonable="0"/>
		<flag convinceable="0"/>
		<flag illusionable="0"/>
		<flag pushable="0"/>
		<flag canpushitems="0"/>
		<flag canpushcreatures="0"/>
		<flag targetdistance="1"/>
		<flag staticattack="90"/>
		<flag runonhealth="150"/>
	</flags>
	<attacks>
		<attack name="melee" interval="2000" skill="15" attack="9" poison="18"/>
		<attack name="poison" interval="2000" chance="15" range="7" target="1" min="-17" max="-37">
			<attribute key="shootEffect" value="poison"/>
			<attribute key="areaEffect" value="greenbubble"/>
		</attack>
		<attack name="poisoncondition" interval="2000" chance="25" range="7" target="1" min="-22" max="-38">
			<attribute key="shootEffect" value="poison"/>
			<attribute key="areaEffect" value="greenbubble"/>
		</attack>
	</attacks>
	<defenses armor="12" defense="33">
		<defense name="healing" interval="2000" chance="13" min="8" max="16">
			<attribute key="areaEffect" value="blueshimmer"/>
		</defense>
	</defenses>
	<elements>
		<element earthPercent="100"/>
		<element energyPercent="100"/>
	</elements>
	<immunities>
		<immunity lifedrain="1"/>
		<immunity paralyze="1"/>
		<immunity invisible="1"/>
	</immunities>
	<voices interval="2000" chance="5">
	</voices>
	<loot>
		<item id="2148" chance="10000" countmax="5"/><!-- 5 10% gold coin -->
		<item id="2747" chance="1000"/><!-- 1% grave flower -->
		<item id="2802" chance="1000"/><!-- 1% sling herb -->
		<item id="2802" chance="5000"/><!-- 5% sling herb -->
		<item id="2804" chance="10000"/><!-- 10% shadow herb -->
	</loot>
</monster>