<?xml version="1.0" encoding="UTF-8"?>
<monster name="valkyrie" nameDescription="a valkyrie" race="blood" experience="85" speed="176" manacost="450">
	<health now="190" max="190"/>
	<look type="139" head="113" body="38" legs="76" feet="96" corpse="3065"/>
	<targetchange interval="1000" chance="0"/>
	<targetstrategies nearest="100" health="0" damage="0" random="0"/>
	<flags>
		<flag attackable="1"/>
		<flag hostile="1"/>
		<flag summonable="1"/>
		<flag convinceable="1"/>
		<flag illusionable="1"/>
		<flag pushable="0"/>
		<flag canpushitems="1"/>
		<flag canpushcreatures="0"/>
		<flag targetdistance="1"/>
		<flag staticattack="90"/>
		<flag runonhealth="10"/>
	</flags>
	<attacks>
		<attack name="melee" interval="2000" skill="35" attack="20"/>
		<attack name="physical" interval="2000" checkshield="1" chance="15" range="7" min="-28" max="-42">
			<attribute key="shootEffect" value="spear"/>
		</attack>
	</attacks>
	<defenses armor="12" defense="14">
	</defenses>
	<elements>
	</elements>
	<immunities>
	</immunities>
	<voices interval="2000" chance="5">
		<voice sentence="Stand still!"/>
		<voice sentence="One more head for me!"/>
		<voice sentence="Head off!"/>
	</voices>
	<loot>
		<item id="2666" chance="30000" countmax="3"/><!-- 3 30% meat -->
		<item id="2674" chance="7500" countmax="2"/><!-- 2 7.5% red apple -->
		<item id="2148" chance="32000" countmax="12"/><!-- 12 32% gold coin -->
		<item id="2145" chance="100"/><!-- 0.1% small diamond -->
		<item id="2229" chance="80000" countmax="2"/><!-- 2 80% skull -->
		<item id="2458" chance="4000"/><!-- 4% chain helmet -->
		<item id="2464" chance="10000"/><!-- 10% chain armor -->
		<item id="2463" chance="800"/><!-- 0.8% plate armor -->
		<item id="1987" chance="100000"><!-- bag -->
			<inside>
				<item id="2389" chance="60000" countmax="3"/><!-- 3 60% spear -->
				<item id="2379" chance="25000"/><!-- 25% dagger -->
				<item id="2387" chance="400"/><!-- 0.4% double axe -->
				<item id="2200" chance="1100"/><!-- 1.1% protection amulet -->	
			</inside>
		</item>
	</loot>
</monster>